Lat,Lon,Lon2,NORMALS 1981-2010,,Jan,Feb,Mar,Apr,May,Jun,Jul,Aug,Sep,Oct,Nov,Dec,ANN
39.633333,102.183333,-102.183333,BONNY DAM 2NE, CO,0.43,0.43,1.06,1.81,2.64,2.63,3.11,2.04,1.56,1.30,0.60,0.49,18.10
38.450000,102.450000,-102.450000,BRANDON, CO,0.25,0.22,0.65,1.48,2.13,2.74,2.67,2.40,0.89,1.46,0.34,0.24,15.47
39.316667,102.266667,-102.266667,BURLINGTON, CO,0.32,0.44,1.00,1.66,2.60,2.60,3.05,2.51,1.09,1.36,0.56,0.46,17.65
37.016667,102.566667,-102.566667,CAMPO 7 S, CO,0.35,0.38,1.00,1.33,2.10,2.46,2.69,2.98,1.38,1.38,0.44,0.47,16.96
38.816667,102.350000,-102.350000,CHEYENNE WELLS, CO,0.26,0.38,0.81,1.26,2.42,2.54,3.22,2.67,1.29,1.15,0.48,0.28,16.76
38.450000,102.783333,-102.783333,EADS, CO,0.34,0.45,0.93,1.44,2.26,2.23,2.39,2.57,1.02,1.21,0.46,0.38,15.68
39.316667,103.083333,-103.083333,FLAGLER 1S, CO,0.33,0.31,0.87,1.30,2.27,2.86,3.16,2.66,1.09,1.03,0.47,0.37,16.72
40.666667,102.833333,-102.833333,FLEMING, CO,0.34,0.44,0.82,1.69,2.74,2.85,2.97,2.32,1.71,1.34,0.50,0.40,18.12
38.450000,103.150000,-103.150000,HASWELL, CO,0.34,0.41,0.96,1.36,2.19,1.87,2.61,2.69,1.06,0.99,0.47,0.39,15.34
38.050000,102.116667,-102.116667,HOLLY, CO,0.37,0.38,1.09,1.30,2.19,2.72,2.76,3.25,1.32,1.27,0.58,0.43,17.66
40.583333,102.300000,-102.300000,HOLYOKE, CO,0.41,0.49,1.04,1.90,3.00,3.06,2.83,2.26,1.33,1.19,0.64,0.45,18.60
39.766667,102.266667,-102.266667,IDALIA, CO,0.53,0.46,1.26,2.00,2.98,2.86,2.84,3.36,1.16,1.30,0.87,0.47,20.09
38.066667,102.916667,-102.916667,JOHN MARTIN DAM, CO,0.23,0.25,0.87,1.02,2.08,1.90,2.54,2.17,1.21,1.02,0.37,0.42,14.08
41.000000,102.250000,-102.250000,JULESBURG, CO,0.46,0.38,1.22,1.72,2.80,2.99,2.52,2.58,1.36,1.31,0.51,0.30,18.15
38.700000,102.766667,-102.766667,KIT CARSON, CO,0.28,0.23,0.82,1.19,2.39,2.79,2.49,2.78,1.09,1.21,0.42,0.36,16.05
38.083333,102.616667,-102.616667,LAMAR, CO,0.44,0.48,0.87,1.32,2.12,2.39,2.36,2.51,1.35,1.01,0.52,0.47,15.84
38.066667,103.216667,-103.216667,LAS ANIMAS, CO,0.38,0.41,0.93,1.24,1.94,1.87,2.24,1.69,1.16,1.08,0.42,0.37,13.73
40.516667,103.000000,-103.000000,LEROY 9 WSW, CO,0.34,0.41,0.99,1.63,2.70,2.76,3.03,2.28,1.28,1.12,0.57,0.41,17.52
40.850000,102.516667,-102.516667,SEDGWICK 5 S, CO,0.39,0.53,1.11,1.95,2.90,3.14,2.53,2.29,1.40,1.29,0.65,0.43,18.61
37.400000,102.616667,-102.616667,SPRINGFIELD COMANCHE, CO,0.37,0.44,1.13,1.27,2.36,2.50,2.83,2.84,1.33,1.39,0.58,0.51,17.55
37.383333,102.733333,-102.733333,SPRINGFIELD 7 WSW, CO,0.49,0.50,1.12,1.44,2.25,2.36,2.47,2.47,1.57,1.09,0.59,0.50,16.85
37.283333,102.183333,-102.183333,STONINGTON, CO,0.33,0.33,1.01,1.23,2.04,2.42,3.34,2.67,1.54,1.32,0.47,0.51,17.21
39.300000,102.600000,-102.600000,STRATTON, CO,0.41,0.55,1.15,1.97,2.81,2.83,3.04,2.61,0.88,1.32,0.62,0.45,18.64
40.083333,102.183333,-102.183333,WRAY, CO,0.47,0.47,0.98,1.83,2.87,2.44,3.08,2.49,1.24,1.37,0.71,0.37,18.32
40.133333,102.733333,-102.733333,YUMA, CO,0.28,0.41,0.86,1.70,3.00,2.59,3.07,2.51,1.41,1.19,0.48,0.39,17.89
38.916667,97.250000,-97.250000,ABILENE, KS,0.75,1.30,2.52,3.19,4.89,4.50,3.99,4.10,2.50,2.44,1.63,1.12,32.93
38.466667,99.550000,-99.550000,ALEXANDER, KS,0.61,0.78,1.86,2.08,3.48,3.63,3.87,3.21,1.74,1.44,0.87,0.95,24.52
38.866667,96.483333,-96.483333,ALTA VISTA, KS,0.84,1.32,2.68,3.58,5.07,5.92,4.51,4.36,3.37,2.82,2.06,1.29,37.82
39.433333,98.850000,-98.850000,ALTON 1 W, KS,0.58,0.67,1.98,2.47,4.16,3.80,4.44,3.48,2.34,2.02,1.24,0.86,28.04
37.150000,98.016667,-98.016667,ANTHONY, KS,1.00,1.19,2.99,3.18,4.71,5.20,3.27,2.95,2.79,2.74,1.88,1.25,33.15
37.066667,97.033333,-97.033333,ARKANSAS CITY, KS,1.06,1.48,3.09,3.53,5.27,5.71,3.68,3.78,3.42,3.36,2.31,1.45,38.14
37.200000,99.766667,-99.766667,ASHLAND, KS,0.55,0.73,1.57,1.89,3.29,3.94,2.62,2.69,1.76,1.85,0.96,0.93,22.78
39.566667,95.116667,-95.116667,ATCHISON, KS,0.94,1.11,2.09,3.39,5.28,5.11,4.68,3.91,3.90,3.03,1.86,1.42,36.72
39.783333,101.066667,-101.066667,ATWOOD, KS,0.54,0.67,1.42,2.27,3.72,3.09,3.37,3.03,1.48,1.73,0.89,0.63,22.84
38.933333,95.816667,-95.816667,AUBURN, KS,0.90,1.21,2.69,3.69,5.37,5.36,4.04,4.35,3.78,2.90,2.00,1.43,37.72
37.666667,96.983333,-96.983333,AUGUSTA, KS,0.93,1.61,2.82,3.18,5.77,5.91,4.22,4.02,3.68,3.18,2.24,1.27,38.83
39.200000,98.050000,-98.050000,BARNARD 7W, KS,0.62,0.83,2.09,2.53,4.38,3.81,4.13,3.83,2.40,1.90,1.25,0.97,28.74
39.833333,97.633333,-97.633333,BELLEVILLE, KS,0.61,0.87,2.12,2.87,4.35,4.37,3.97,3.68,3.25,2.37,1.19,0.95,30.60
39.483333,98.100000,-98.100000,BELOIT, KS,0.62,0.76,1.91,2.47,4.16,3.81,4.36,3.09,2.64,1.99,1.21,0.90,27.92
37.533333,101.566667,-101.566667,BIG BOW 4 WSW, KS,0.44,0.44,1.22,1.44,2.29,2.92,2.90,2.85,1.71,1.45,0.55,0.56,18.77
39.616667,101.550000,-101.550000,BIRD CITY 10S, KS,0.42,0.43,0.88,1.63,2.89,2.88,3.24,2.44,1.02,1.43,0.61,0.40,18.27
38.516667,99.200000,-99.200000,BISON 3NW, KS,0.58,0.84,1.85,2.33,4.08,3.90,3.69,3.00,2.17,1.57,0.99,0.86,25.86
39.500000,96.400000,-96.400000,BLAINE 4E, KS,0.82,1.17,2.28,2.94,5.03,5.36,5.28,3.93,3.24,2.52,1.54,1.21,35.32
39.683333,96.666667,-96.666667,BLUE RAPIDS, KS,0.70,0.93,2.14,2.93,4.65,4.89,4.51,3.86,3.50,2.31,1.51,1.05,32.98
39.066667,94.883333,-94.883333,BONNER SPRINGS, KS,1.15,1.47,2.51,3.86,5.05,5.86,4.30,4.17,4.86,3.49,2.37,1.64,40.73
39.900000,96.783333,-96.783333,BREMEN 1 E, KS,0.72,0.98,2.17,3.00,4.27,4.73,4.32,3.96,3.49,2.16,1.44,1.08,32.32
38.766667,97.866667,-97.866667,BROOKVILLE, KS,0.85,1.27,2.43,2.70,4.49,4.17,3.92,3.60,2.76,2.27,1.26,1.00,30.72
37.550000,99.633333,-99.633333,BUCKLIN, KS,0.45,0.63,1.69,1.95,3.55,3.81,3.23,3.11,1.82,1.96,0.89,0.91,24.00
38.200000,99.516667,-99.516667,BURDETT 1 NW, KS,0.56,0.72,1.62,1.89,3.43,3.66,3.48,2.74,1.87,1.63,0.85,0.81,23.26
38.650000,96.250000,-96.250000,BUSHONG 5 W, KS,0.88,1.23,2.62,3.26,5.22,5.39,4.45,4.01,3.34,2.75,2.03,1.26,36.44
37.050000,97.616667,-97.616667,CALDWELL, KS,1.26,1.48,3.14,3.25,4.82,4.95,3.29,3.20,2.87,3.18,2.07,1.40,34.91
38.050000,96.633333,-96.633333,CASSODAY 2SW, KS,0.79,1.20,2.49,3.52,4.70,5.77,3.99,3.83,3.32,2.78,2.10,1.13,35.62
39.516667,98.433333,-98.433333,CAWKER CITY, KS,0.64,0.81,1.84,2.50,3.86,3.92,4.40,2.72,2.51,1.70,1.26,1.00,27.16
38.800000,99.716667,-99.716667,CEDAR BLUFF DAM, KS,0.48,0.65,1.68,1.96,3.18,2.99,3.26,2.87,1.78,1.44,0.92,0.74,21.95
37.100000,96.500000,-96.500000,CEDAR VALE 5SSE, KS,1.10,1.54,2.81,3.48,5.19,5.31,3.26,3.49,3.72,4.06,2.40,1.63,37.99
39.716667,96.116667,-96.116667,CENTRALIA, KS,0.77,1.07,2.49,3.17,4.69,5.15,5.16,4.00,3.61,2.55,1.71,1.02,35.39
38.766667,96.300000,-96.300000,CHALK, KS,0.71,1.03,2.46,3.33,5.01,5.58,4.11,3.69,2.93,2.33,1.86,1.14,34.18
37.666667,95.483333,-95.483333,CHANUTE FAA AP, KS,1.26,1.90,3.04,4.40,5.80,6.03,4.37,3.69,3.67,3.66,2.50,1.75,42.07
38.966667,97.016667,-97.016667,CHAPMAN, KS,0.65,1.16,2.33,2.96,4.74,4.57,4.33,3.84,2.93,2.55,1.46,1.06,32.58
37.800000,100.350000,-100.350000,CIMARRON, KS,0.58,0.66,1.61,1.86,2.93,3.79,3.34,2.85,1.65,1.68,0.76,0.76,22.47
38.516667,98.533333,-98.533333,CLAFLIN, KS,0.65,1.01,2.31,2.39,4.79,4.10,3.88,3.35,1.87,2.02,1.02,0.90,28.29
39.383333,97.116667,-97.116667,CLAY CTR, KS,0.69,1.08,2.15,2.74,4.65,4.21,3.83,3.66,3.27,2.12,1.49,1.04,30.93
39.566667,97.283333,-97.283333,CLIFTON, KS,0.62,0.86,1.99,2.80,4.23,4.44,4.43,3.44,3.05,2.11,1.31,0.93,30.21
39.383333,101.066667,-101.066667,COLBY 1SW, KS,0.41,0.48,1.12,2.03,3.29,2.54,3.77,2.78,1.45,1.58,0.72,0.48,20.65
37.266667,99.333333,-99.333333,COLDWATER, KS,0.67,0.88,1.82,2.09,3.48,4.06,3.06,3.38,2.01,2.12,1.10,1.02,25.69
38.900000,100.116667,-100.116667,COLLYER 10 S, KS,0.49,0.61,1.57,1.85,2.82,2.84,3.52,2.41,1.76,1.31,0.76,0.64,20.58
37.166667,94.850000,-94.850000,COLUMBUS, KS,1.63,2.21,3.41,4.47,6.28,5.52,4.05,3.40,4.59,3.89,3.41,2.48,45.34
39.550000,97.650000,-97.650000,CONCORDIA BLOSSER MUNI, KS,0.58,0.79,2.01,2.45,4.16,4.05,3.92,3.14,2.91,1.92,1.11,0.85,27.89
37.383333,97.650000,-97.650000,CONWAY SPRINGS, KS,0.82,1.37,3.06,3.08,4.51,5.17,3.55,3.51,2.69,2.88,1.79,1.14,33.57
38.366667,96.550000,-96.550000,COTTONWOOD FALLS, KS,0.89,1.31,2.77,3.30,5.40,5.34,4.69,4.31,3.71,2.91,2.23,1.33,38.19
38.683333,96.516667,-96.516667,COUNCIL GROVE LAKE, KS,0.81,1.18,2.56,3.30,4.66,5.13,4.23,4.11,3.21,2.46,1.87,1.09,34.61
39.250000,98.866667,-98.866667,COVERT, KS,0.61,0.80,2.07,2.47,3.64,3.48,4.23,3.31,2.47,1.73,1.25,0.89,26.95
39.316667,99.583333,-99.583333,DAMAR, KS,0.56,0.67,1.81,2.23,3.58,3.05,3.77,3.00,1.78,1.69,1.04,0.73,23.91
39.633333,99.733333,-99.733333,DENSMORE 2N, KS,0.44,0.62,1.51,2.17,3.70,2.69,3.42,2.73,1.62,1.73,0.90,0.59,22.12
37.766667,99.966667,-99.966667,DODGE CITY RGNL AP, KS,0.58,0.68,1.59,1.82,2.85,3.24,3.08,2.75,1.67,1.74,0.76,0.84,21.60
39.616667,100.416667,-100.416667,DRESDEN, KS,0.47,0.57,1.40,2.02,3.44,3.01,3.66,2.66,1.57,1.51,0.87,0.66,21.84
38.583333,96.383333,-96.383333,DUNLAP 2 N, KS,0.92,1.39,2.64,3.17,5.07,5.35,4.57,4.06,3.13,2.67,2.04,1.33,36.34
39.533333,95.400000,-95.400000,EFFINGHAM, KS,0.90,1.10,2.19,3.49,4.88,5.35,4.72,3.69,4.23,2.96,1.91,1.47,36.89
37.816667,96.833333,-96.833333,EL DORADO, KS,0.93,1.52,2.74,3.20,4.91,5.69,4.10,4.00,3.45,3.33,1.90,1.32,37.09
37.000000,96.283333,-96.283333,ELGIN, KS,1.32,1.75,3.35,3.75,6.24,5.71,3.74,3.38,4.12,4.22,2.43,1.92,41.93
37.083333,101.850000,-101.850000,ELKHART, KS,0.49,0.47,1.42,1.44,2.32,2.97,2.33,2.86,1.46,1.45,0.55,0.56,18.32
38.950000,99.566667,-99.566667,ELLIS, KS,0.60,0.68,1.81,2.01,3.34,2.66,3.68,2.83,1.91,1.60,1.00,0.85,22.97
38.716667,98.233333,-98.233333,ELLSWORTH, KS,0.62,1.06,2.35,2.43,4.50,3.93,3.63,3.94,3.05,2.20,1.11,0.93,29.75
38.416667,96.833333,-96.833333,ELMDALE 3NE, KS,0.87,1.26,2.40,3.23,5.01,5.11,4.50,3.45,3.44,2.75,1.89,1.22,35.13
38.700000,97.233333,-97.233333,ELMO 1 SW, KS,0.85,1.22,2.75,2.78,4.66,4.83,4.15,3.91,2.85,2.41,1.67,1.24,33.32
39.300000,96.050000,-96.050000,EMMETT, KS,0.81,1.09,2.35,3.17,4.86,5.08,3.95,4.12,3.49,2.92,1.69,1.14,34.67
38.900000,97.116667,-97.116667,ENTERPRISE, KS,1.04,1.27,2.68,3.13,4.83,4.87,3.95,4.08,2.79,2.46,1.71,1.29,34.10
39.933333,98.433333,-98.433333,ESBON 7 N, KS,0.59,0.75,2.17,2.53,4.40,3.12,3.99,3.22,2.14,2.14,1.38,0.82,27.25
38.850000,96.100000,-96.100000,ESKRIDGE, KS,0.89,1.35,2.83,3.58,5.27,5.59,3.94,4.33,3.60,2.72,2.09,1.27,37.46
37.816667,96.283333,-96.283333,EUREKA 1E, KS,1.07,1.57,2.76,3.43,5.32,6.00,4.25,4.34,3.46,3.33,2.56,1.60,39.69
39.550000,97.000000,-97.000000,FACT 3W, KS,0.58,0.80,1.98,2.69,4.18,4.40,4.57,3.47,2.86,1.96,1.41,0.82,29.72
37.650000,96.083333,-96.083333,FALL RIVER LAKE, KS,0.90,1.55,2.90,3.75,5.30,6.31,3.98,4.30,3.48,3.57,2.20,1.57,39.81
38.250000,96.933333,-96.933333,FLORENCE, KS,0.82,1.14,2.68,2.79,4.69,5.10,3.73,3.68,3.28,2.68,1.76,1.01,33.36
37.850000,94.700000,-94.700000,FT SCOTT, KS,1.40,1.89,2.95,4.64,5.71,6.14,4.62,3.58,4.72,4.26,2.99,2.14,45.04
39.516667,96.550000,-96.550000,FOSTORIA 7 NW, KS,0.72,1.09,2.31,3.03,4.82,5.31,4.80,3.89,3.23,2.62,1.66,1.04,34.52
39.700000,96.416667,-96.416667,FRANKFORT, KS,0.87,1.28,2.50,2.97,4.73,5.10,4.39,3.57,3.47,2.63,1.64,1.11,34.26
37.533333,95.800000,-95.800000,FREDONIA, KS,1.28,1.61,2.84,3.82,5.74,6.16,3.74,4.61,4.36,3.94,2.58,1.96,42.64
37.933333,100.716667,-100.716667,GARDEN CITY 9 ESE, KS,0.34,0.54,1.46,1.72,2.88,3.48,2.78,2.45,1.47,1.28,0.55,0.52,19.47
37.983333,100.816667,-100.816667,GARDEN CITY EXP STN, KS,0.47,0.52,1.23,1.74,3.00,3.10,2.80,2.51,1.42,1.22,0.54,0.60,19.15
38.283333,95.233333,-95.233333,GARNETT 1 E, KS,1.21,1.85,2.67,3.98,5.03,5.88,4.30,4.02,3.92,3.61,2.50,1.90,40.87
38.516667,98.166667,-98.166667,GENESEO, KS,0.65,1.04,2.15,2.12,4.14,4.03,3.49,3.45,2.13,2.02,0.92,0.76,26.90
37.516667,94.833333,-94.833333,GIRARD, KS,1.67,2.19,3.65,4.33,6.44,5.72,3.96,3.22,4.79,4.16,3.14,2.45,45.72
39.366667,101.700000,-101.700000,GOODLAND RENNER FLD, KS,0.38,0.49,1.07,1.59,2.95,3.25,3.47,2.70,1.22,1.37,0.71,0.46,19.66
38.966667,100.483333,-100.483333,GOVE 4W, KS,0.55,0.54,1.27,2.08,3.48,2.63,4.20,2.42,1.59,1.42,0.64,0.50,21.32
38.350000,98.766667,-98.766667,GREAT BEND, KS,0.61,0.83,1.94,2.36,4.38,3.97,3.41,3.33,1.96,2.05,0.97,0.85,26.66
37.616667,99.300000,-99.300000,GREENSBURG, KS,0.56,0.74,2.10,1.98,3.26,4.21,3.15,3.16,2.10,2.18,0.95,0.84,25.23
37.366667,96.450000,-96.450000,GRENOLA 1 N, KS,1.00,1.74,2.99,3.70,5.52,6.10,3.29,3.74,3.64,3.48,2.41,1.73,39.34
38.100000,95.883333,-95.883333,GRIDLEY, KS,1.08,1.69,2.80,3.78,5.27,5.91,4.01,3.82,3.99,3.30,2.42,1.59,39.66
39.850000,97.316667,-97.316667,HADDAM, KS,0.59,0.88,2.00,2.76,4.60,4.78,3.96,3.70,3.10,2.16,1.35,0.95,30.83
39.833333,96.866667,-96.866667,HANOVER 4 S, KS,0.63,1.06,2.27,2.78,4.68,5.38,4.63,3.42,3.27,2.06,1.28,0.86,32.32
38.866667,99.333333,-99.333333,HAYS 1 S, KS,0.50,0.71,1.81,2.14,3.26,2.83,3.92,3.04,2.05,1.58,0.89,0.72,23.45
38.600000,100.616667,-100.616667,HEALY, KS,0.51,0.64,1.40,2.12,3.37,2.93,3.09,2.78,1.92,1.55,0.84,0.64,21.79
38.666667,96.950000,-96.950000,HERINGTON, KS,0.90,1.26,2.73,3.24,5.24,4.85,3.96,4.19,3.24,2.53,1.84,1.27,35.25
39.783333,95.516667,-95.516667,HIAWATHA 9 ESE, KS,0.78,1.15,2.17,3.39,4.66,4.72,4.16,3.77,3.63,2.66,1.89,1.19,34.17
38.350000,97.200000,-97.200000,HILLSBORO, KS,0.80,1.24,2.49,3.19,4.98,4.74,4.30,4.03,3.25,2.53,1.71,1.05,34.31
39.466667,95.766667,-95.766667,HOLTON, KS,0.92,1.32,2.42,3.58,4.82,5.51,4.39,4.10,3.95,3.43,2.00,1.35,37.79
39.666667,95.516667,-95.516667,HORTON, KS,0.82,1.27,2.36,3.63,5.29,5.29,4.69,3.84,3.84,3.15,1.93,1.38,37.49
37.516667,96.200000,-96.200000,HOWARD 1W, KS,1.05,1.74,2.90,3.66,5.27,5.97,3.65,3.77,3.69,3.59,2.36,1.74,39.39
39.350000,100.450000,-100.450000,HOXIE, KS,0.52,0.60,1.37,2.11,3.44,2.37,3.46,2.78,1.38,1.41,0.85,0.63,20.92
39.250000,95.700000,-95.700000,HOYT, KS,1.13,1.25,2.54,3.60,5.33,5.57,4.21,4.22,4.11,3.18,2.12,1.51,38.77
38.100000,98.650000,-98.650000,HUDSON, KS,0.76,1.04,2.24,2.51,4.46,3.89,3.65,3.15,1.92,2.22,1.11,0.96,27.91
37.183333,101.350000,-101.350000,HUGOTON, KS,0.46,0.39,1.19,1.44,2.56,3.59,2.55,2.62,1.78,1.34,0.57,0.65,19.14
37.933333,98.033333,-98.033333,HUTCHINSON 10 SW, KS,0.69,1.08,2.56,2.72,4.44,4.86,3.76,3.14,2.67,2.34,1.33,1.02,30.61
37.250000,95.700000,-95.700000,INDEPENDENCE, KS,1.52,1.86,3.47,4.15,6.51,6.34,3.77,3.63,4.47,4.31,2.58,2.44,45.05
38.233333,97.783333,-97.783333,INMAN, KS,0.82,1.09,2.89,2.80,4.90,4.61,4.19,3.59,2.66,2.64,1.48,1.06,32.73
37.916667,95.433333,-95.433333,IOLA 1 W, KS,1.28,1.60,3.05,4.10,5.66,5.75,4.82,3.66,4.31,3.78,2.62,1.78,42.41
39.666667,98.350000,-98.350000,IONIA, KS,0.59,0.63,1.92,2.31,4.08,3.60,4.14,2.91,2.32,1.76,1.11,0.82,26.19
38.733333,100.516667,-100.516667,JEROME 2 S, KS,0.50,0.55,1.32,1.96,3.68,2.78,3.20,2.52,1.74,1.37,0.77,0.68,21.07
39.666667,98.150000,-98.150000,JEWELL, KS,0.57,0.90,1.89,2.51,3.90,3.92,4.12,2.73,2.38,1.86,1.16,0.88,26.82
38.250000,95.750000,-95.750000,JOHN REDMOND LAKE, KS,0.97,1.26,2.45,3.62,4.65,5.40,4.76,3.88,3.43,3.27,2.22,1.59,37.50
38.066667,100.300000,-100.300000,KALVESTA 1 W, KS,0.53,0.58,1.56,1.80,2.85,3.48,3.01,2.60,1.49,1.44,0.66,0.67,20.67
38.600000,97.950000,-97.950000,KANOPOLIS LAKE, KS,0.64,0.95,2.13,2.49,4.03,4.16,3.72,3.62,2.48,2.13,1.09,0.78,28.22
37.633333,98.116667,-98.116667,KINGMAN, KS,0.81,1.21,2.82,2.78,4.46,4.80,3.49,3.38,2.86,3.00,1.51,1.10,32.22
37.916667,99.416667,-99.416667,KINSLEY 2E, KS,0.66,0.83,2.19,2.36,3.67,3.82,3.60,3.55,2.06,2.01,0.99,1.06,26.80
39.666667,99.116667,-99.116667,KIRWIN DAM, KS,0.49,0.72,1.86,2.28,4.05,3.31,3.99,3.10,2.09,1.81,1.07,0.74,25.51
38.350000,94.750000,-94.750000,LA CYGNE 4ESE, KS,1.30,1.80,2.96,3.95,5.85,5.92,4.39,3.21,4.10,3.68,2.76,1.86,41.78
37.933333,101.250000,-101.250000,LAKIN, KS,0.34,0.44,0.98,1.55,2.54,3.19,2.88,2.65,1.57,1.44,0.60,0.60,18.78
38.166667,99.083333,-99.083333,LARNED, KS,0.62,0.82,1.86,2.16,3.68,4.64,3.75,2.85,1.68,1.88,0.94,0.91,25.79
38.966667,95.266667,-95.266667,LAWRENCE, KS,0.98,1.36,2.71,4.06,5.36,5.88,4.14,4.05,4.20,3.35,2.20,1.60,39.89
39.266667,94.883333,-94.883333,LEAVENWORTH, KS,1.03,1.47,2.74,4.04,5.38,5.92,5.20,4.49,4.82,3.78,2.45,1.59,42.91
39.816667,98.550000,-98.550000,LEBANON, KS,0.63,0.78,2.12,2.42,4.21,3.74,4.40,3.13,2.10,2.09,1.30,0.80,27.72
38.416667,95.850000,-95.850000,LEBO, KS,1.09,1.40,2.61,3.59,5.60,5.67,4.70,4.46,3.66,3.31,2.50,1.46,40.05
39.050000,95.383333,-95.383333,LECOMPTON, KS,1.04,1.27,2.76,3.75,5.29,5.71,3.94,4.23,3.84,3.31,2.22,1.61,38.97
39.600000,100.000000,-100.000000,LENORA, KS,0.40,0.50,1.61,2.15,3.73,2.54,3.66,2.49,1.67,1.60,0.91,0.67,21.93
38.483333,101.316667,-101.316667,LEOTI, KS,0.42,0.53,1.38,2.00,2.57,2.58,2.90,2.79,1.57,1.47,0.65,0.57,19.43
37.050000,100.916667,-100.916667,LIBERAL, KS,0.45,0.65,1.34,1.69,2.69,3.01,2.97,2.23,1.83,1.91,0.78,0.70,20.25
39.033333,98.116667,-98.116667,LINCOLN 1 SE, KS,0.67,1.01,2.11,2.67,4.23,3.83,3.96,3.79,2.49,1.89,1.20,0.89,28.74
38.566667,97.666667,-97.666667,LINDSBORG, KS,0.83,1.16,2.46,2.75,4.05,4.26,4.09,3.52,2.47,2.27,1.44,1.00,30.30
39.650000,99.583333,-99.583333,LOGAN, KS,0.43,0.60,1.71,2.03,3.73,2.76,3.67,2.85,1.59,1.82,0.86,0.68,22.73
39.166667,97.333333,-97.333333,LONGFORD, KS,0.78,1.05,2.21,2.70,4.52,3.89,3.91,4.10,2.90,2.37,1.31,1.15,30.89
39.950000,99.533333,-99.533333,LONG ISLAND 1N, KS,0.48,0.69,1.90,2.31,4.16,3.19,3.81,2.97,1.83,1.93,0.98,0.60,24.85
37.383333,96.083333,-96.083333,LONGTON, KS,1.29,1.82,3.09,4.09,5.87,6.67,3.99,3.73,4.29,3.73,2.56,1.93,43.06
38.650000,99.183333,-99.183333,LORETTA, KS,0.52,0.70,1.71,2.31,3.75,3.27,3.76,2.99,2.03,1.47,0.92,0.78,24.21
39.900000,98.033333,-98.033333,LOVEWELL DAM, KS,0.54,0.67,1.89,2.50,4.03,3.83,4.13,3.16,2.58,1.91,1.24,0.81,27.29
38.616667,95.633333,-95.633333,LYNDON 3 ENE, KS,0.90,1.24,2.75,3.81,5.29,4.96,3.80,3.82,4.51,3.14,2.48,1.38,38.08
38.133333,96.133333,-96.133333,MADISON, KS,1.07,1.45,2.66,3.34,5.25,5.93,4.67,4.32,3.38,3.36,2.56,1.59,39.58
39.200000,96.583333,-96.583333,MANHATTAN, KS,0.63,1.08,2.49,3.17,5.09,5.70,4.42,4.12,3.43,2.69,1.73,1.07,35.62
39.783333,98.216667,-98.216667,MANKATO, KS,0.67,0.79,2.14,2.65,4.31,3.57,4.06,3.18,2.47,2.02,1.25,0.88,27.99
38.383333,97.083333,-97.083333,MARION RSVR, KS,0.77,1.07,2.44,3.14,5.03,4.97,3.90,4.12,3.50,2.67,1.67,1.05,34.33
39.833333,96.650000,-96.650000,MARYSVILLE, KS,0.72,0.98,2.46,2.93,4.50,5.38,4.62,3.89,3.27,2.36,1.51,1.03,33.65
38.183333,96.566667,-96.566667,MATFIELD GREEN 2 N, KS,0.85,1.24,2.72,3.24,4.59,5.47,4.18,4.06,3.34,3.12,2.08,1.22,36.11
38.583333,99.566667,-99.566667,MCCRACKEN, KS,0.56,0.72,1.80,2.03,3.20,3.39,3.46,3.14,1.79,1.66,0.86,0.71,23.32
39.783333,101.366667,-101.366667,MC DONALD, KS,0.52,0.55,1.31,2.13,3.60,3.24,3.22,2.73,1.35,1.67,0.85,0.58,21.75
39.050000,96.233333,-96.233333,MC FARLAND, KS,0.76,1.11,2.28,3.50,5.03,5.25,4.67,4.78,3.54,2.72,1.81,1.15,36.60
38.383333,97.666667,-97.666667,MCPHERSON, KS,0.79,1.19,2.69,2.87,4.98,4.95,3.94,3.60,2.86,2.45,1.43,1.04,32.79
37.283333,100.333333,-100.333333,MEADE, KS,0.69,0.70,1.79,1.77,2.79,3.80,3.22,2.05,1.81,2.14,0.67,0.86,22.29
37.300000,98.583333,-98.583333,MEDICINE LODGE, KS,0.68,1.08,2.64,2.54,4.22,4.43,2.82,3.21,2.22,2.50,1.67,0.82,28.83
39.350000,97.450000,-97.450000,MILTONVALE, KS,0.72,1.08,2.36,2.83,4.57,4.23,4.03,3.47,3.25,2.17,1.29,1.16,31.16
39.266667,100.866667,-100.866667,MINGO 6E, KS,0.48,0.45,1.07,1.93,2.93,2.26,3.59,2.74,1.25,1.53,0.75,0.48,19.46
39.133333,97.716667,-97.716667,MINNEAPOLIS, KS,0.81,1.11,2.31,2.45,4.64,4.13,4.36,4.07,2.49,2.33,1.24,1.15,31.09
37.916667,95.183333,-95.183333,MORAN, KS,1.32,1.83,3.13,4.24,5.60,5.74,4.37,3.71,3.93,3.81,2.86,1.87,42.41
38.133333,94.816667,-94.816667,MOUND CITY, KS,1.42,2.00,3.09,4.28,5.46,5.90,4.18,3.86,4.24,3.89,2.88,2.01,43.21
37.183333,95.450000,-95.450000,MOUND VALLEY 3 WSW, KS,1.65,1.95,3.47,4.32,6.60,5.98,3.83,3.54,4.87,4.14,2.98,2.28,45.61
37.866667,97.666667,-97.666667,MT HOPE, KS,0.89,1.30,2.84,2.80,4.41,4.97,3.53,3.64,3.02,2.62,1.67,1.14,32.83
39.183333,99.033333,-99.033333,NATOMA, KS,0.69,0.85,1.93,2.29,3.54,3.57,3.89,3.55,2.11,1.85,1.15,0.87,26.29
38.450000,99.900000,-99.900000,NESS CITY, KS,0.53,0.67,1.74,1.94,3.08,3.06,3.52,2.80,1.84,1.46,0.88,0.74,22.26
38.033333,97.383333,-97.383333,NEWTON, KS,0.78,1.12,2.71,2.84,4.45,4.95,3.63,3.45,3.07,2.60,1.81,1.04,32.45
38.966667,97.466667,-97.466667,NILES, KS,0.57,1.00,2.03,2.60,4.71,3.70,3.90,3.81,2.65,2.42,1.13,0.85,29.37
39.800000,100.250000,-100.250000,NORCATUR 3WSW, KS,0.42,0.44,1.21,1.83,3.55,2.88,3.82,2.59,1.66,1.54,0.72,0.43,21.09
39.816667,99.933333,-99.933333,NORTON DAM, KS,0.42,0.51,1.61,2.79,4.41,3.32,3.81,3.14,1.86,2.12,0.98,0.87,25.84
39.700000,99.833333,-99.833333,NORTON 9SSE, KS,0.62,0.63,1.65,2.28,3.89,2.78,3.39,2.55,1.60,1.75,0.98,0.66,22.78
37.450000,97.850000,-97.850000,NORWICH, KS,0.83,1.18,2.75,3.06,4.42,5.04,3.08,3.36,2.61,2.94,1.58,1.08,31.93
39.133333,100.850000,-100.850000,OAKLEY 4W, KS,0.47,0.50,1.17,1.85,3.04,2.33,3.85,2.57,1.53,1.45,0.82,0.49,20.07
39.833333,100.533333,-100.533333,OBERLIN, KS,0.45,0.64,1.42,2.18,3.59,3.28,3.39,2.80,1.58,1.69,0.89,0.61,22.52
38.883333,94.766667,-94.766667,OLATHE 3E, KS,1.28,1.66,2.69,4.00,5.41,5.91,4.39,3.96,4.71,3.38,2.69,1.78,41.86
39.500000,96.166667,-96.166667,ONAGA, KS,0.74,1.09,2.27,3.08,4.93,5.46,4.43,3.83,3.28,2.52,1.67,1.09,34.39
38.633333,95.800000,-95.800000,OSAGE CITY, KS,0.91,1.39,3.02,3.94,5.83,5.61,4.30,4.00,3.87,3.11,2.52,1.47,39.97
38.500000,94.966667,-94.966667,OSAWATOMIE, KS,1.08,1.56,2.82,3.61,5.23,5.86,4.28,3.38,3.95,3.50,2.53,1.62,39.42
39.450000,98.700000,-98.700000,OSBORNE, KS,0.54,0.59,1.87,2.52,3.75,3.35,3.76,2.55,3.73,1.92,1.12,0.71,26.41
39.216667,95.316667,-95.316667,OSKALOOSA 4 NE, KS,1.06,1.25,2.60,3.47,5.56,5.53,4.36,4.21,4.19,3.11,2.09,1.60,39.03
37.166667,95.100000,-95.100000,OSWEGO 1 N, KS,1.77,2.10,3.43,4.28,6.40,5.66,3.81,3.18,4.85,3.79,3.41,2.48,45.16
38.616667,95.283333,-95.283333,OTTAWA, KS,1.23,1.47,2.67,3.84,5.41,5.63,4.09,4.04,4.12,3.32,2.70,1.78,40.30
38.766667,95.600000,-95.600000,OVERBROOK 7 SE, KS,1.11,1.37,2.82,3.53,5.26,5.73,4.41,4.00,3.80,3.31,2.35,1.48,39.17
37.283333,97.166667,-97.166667,OXFORD, KS,1.04,1.65,2.84,2.94,5.02,5.59,3.59,3.81,2.81,3.32,2.26,1.33,36.20
39.233333,99.566667,-99.566667,PALCO, KS,0.51,0.72,1.89,2.26,3.63,3.03,3.72,3.00,1.87,1.76,1.09,0.67,24.15
38.583333,94.866667,-94.866667,PAOLA, KS,1.28,1.69,2.77,3.92,5.80,6.53,4.05,4.09,4.37,3.55,2.55,1.77,42.37
39.566667,96.866667,-96.866667,PARALLEL, KS,0.72,1.11,2.28,2.97,4.49,4.66,3.98,3.83,3.03,2.26,1.58,1.14,32.05
37.366667,95.283333,-95.283333,PARSONS 2 NW, KS,1.41,1.77,3.19,4.38,5.93,5.53,3.92,3.29,4.69,3.86,2.94,2.06,42.97
37.466667,97.433333,-97.433333,PECK  2 S, KS,0.95,1.35,2.95,3.02,4.84,5.79,4.13,3.62,2.99,2.80,1.81,1.29,35.54
39.733333,99.316667,-99.316667,PHILLIPSBURG #2, KS,0.46,0.77,2.13,2.28,4.39,3.02,3.51,3.07,1.81,1.94,1.39,0.65,25.42
37.350000,94.633333,-94.633333,PITTSBURG, KS,1.76,2.24,3.38,4.14,6.47,6.33,4.09,3.40,5.31,3.89,3.56,2.32,46.89
39.233333,99.300000,-99.300000,PLAINVILLE 4WNW, KS,0.59,0.69,1.91,2.14,3.57,3.20,4.12,3.42,2.10,1.68,1.19,0.82,25.43
38.650000,95.566667,-95.566667,POMONA LAKE, KS,1.12,1.45,2.65,3.81,5.26,5.82,3.79,3.94,4.32,3.20,2.57,1.56,39.49
37.933333,97.016667,-97.016667,POTWIN 3N, KS,0.85,1.19,2.64,3.28,4.81,5.60,4.53,3.75,3.22,2.98,2.02,1.19,36.06
37.633333,98.800000,-98.800000,PRATT, KS,0.69,0.96,2.43,2.58,3.68,4.40,3.03,3.37,2.38,2.28,1.18,0.96,27.94
39.066667,100.233333,-100.233333,QUINTER, KS,0.54,0.73,1.67,2.28,3.76,2.91,4.05,2.63,1.74,1.57,0.94,0.80,23.62
38.633333,99.933333,-99.933333,RANSOM 2NE, KS,0.58,0.59,1.56,1.89,3.13,2.97,3.48,2.50,1.75,1.56,0.95,0.75,21.71
38.550000,95.950000,-95.950000,READING 2 N, KS,1.18,1.40,2.87,3.53,5.41,5.34,4.42,4.07,3.72,2.66,2.32,1.48,38.40
39.466667,100.750000,-100.750000,REXFORD 1SW, KS,0.40,0.49,1.21,2.15,3.50,2.81,3.79,2.92,1.34,1.48,0.81,0.59,21.49
37.266667,101.766667,-101.766667,RICHFIELD, KS,0.40,0.45,1.08,1.36,2.56,2.74,2.44,2.62,1.58,1.54,0.50,0.57,17.84
37.233333,101.950000,-101.950000,RICHFIELD 10 WSW, KS,0.33,0.33,0.99,1.12,2.11,2.64,2.48,2.72,1.80,1.37,0.53,0.50,16.92
37.816667,96.616667,-96.616667,ROSALIA 3W, KS,0.83,1.40,2.54,3.34,5.13,5.54,3.61,4.25,3.69,3.42,2.13,1.39,37.27
39.133333,95.950000,-95.950000,ROSSVILLE, KS,0.81,1.07,2.49,3.46,5.04,5.36,4.49,4.46,4.06,2.88,1.87,1.22,37.21
38.866667,98.816667,-98.816667,RUSSELL 1 E, KS,0.54,0.82,1.92,2.62,3.68,3.58,3.78,2.86,2.25,1.57,1.09,0.82,25.53
38.900000,101.183333,-101.183333,RUSSELL SPRINGS, KS,0.44,0.56,1.21,1.57,2.78,2.71,3.03,2.48,1.30,1.33,0.67,0.46,18.54
38.400000,96.400000,-96.400000,SAFFORDVILLE 3 SW, KS,0.83,1.14,2.78,3.39,4.95,5.12,4.59,3.33,3.54,3.20,2.38,1.17,36.42
39.766667,101.800000,-101.800000,SAINT FRANCIS, KS,0.45,0.44,0.99,1.68,2.84,2.44,2.90,2.55,1.32,1.34,0.64,0.43,18.02
39.200000,100.033333,-100.033333,SAINT PETER 4ENE, KS,0.68,0.77,1.70,2.28,3.82,2.80,3.49,2.71,2.01,1.41,1.03,0.75,23.45
38.800000,97.633333,-97.633333,SALINA MUNI AP, KS,0.63,1.17,2.39,3.05,4.75,4.11,4.29,3.95,2.70,2.27,1.25,0.94,31.50
39.783333,97.783333,-97.783333,SCANDIA, KS,0.45,0.74,2.12,2.96,4.21,3.81,4.24,3.26,2.84,2.14,1.26,0.79,28.82
38.483333,100.900000,-100.900000,SCOTT CITY, KS,0.58,0.57,1.29,1.94,2.79,2.91,2.95,2.71,1.59,1.38,0.74,0.70,20.15
37.133333,96.183333,-96.183333,SEDAN, KS,1.30,1.78,3.22,3.94,6.62,5.81,3.43,3.01,4.08,4.11,2.60,1.96,41.86
37.916667,97.450000,-97.450000,SEDGWICK, KS,0.73,1.16,2.79,2.76,4.83,4.39,3.18,3.50,3.04,2.87,1.85,1.08,32.18
38.900000,101.750000,-101.750000,SHARON SPRINGS, KS,0.46,0.59,1.27,1.68,2.79,2.85,3.47,2.64,1.39,1.33,0.74,0.56,19.77
39.783333,98.783333,-98.783333,SMITH CTR, KS,0.49,0.58,1.87,2.27,3.92,3.61,3.87,3.30,2.04,1.88,1.22,0.66,25.71
38.216667,98.200000,-98.200000,STERLING, KS,0.81,0.94,2.52,2.47,4.26,4.33,3.69,3.48,2.46,2.42,0.99,0.93,29.30
38.766667,94.666667,-94.666667,STILWELL, KS,1.37,1.76,2.61,4.22,5.96,5.81,4.18,4.14,4.68,3.57,2.62,1.77,42.69
39.433333,99.266667,-99.266667,STOCKTON 1 E, KS,0.47,0.62,1.85,2.16,3.55,3.20,3.96,3.29,1.89,1.64,1.12,0.72,24.47
37.483333,100.850000,-100.850000,SUBLETTE 7WSW, KS,0.40,0.45,1.22,1.46,2.49,3.14,2.41,2.58,1.53,1.46,0.67,0.61,18.42
37.983333,101.750000,-101.750000,SYRACUSE, KS,0.42,0.45,1.11,1.33,2.06,2.36,3.00,2.58,1.27,1.15,0.54,0.55,16.82
39.000000,97.866667,-97.866667,TESCOTT, KS,0.80,1.05,2.32,2.79,4.22,3.85,4.56,3.17,2.96,2.32,1.18,0.86,30.08
37.933333,96.316667,-96.316667,THRALL 4S, KS,0.85,1.45,2.53,3.20,4.95,5.97,4.03,4.06,3.52,3.10,2.34,1.40,37.40
39.116667,95.000000,-95.000000,TONGANOXIE 5SE, KS,1.20,1.36,2.53,3.86,4.99,5.53,4.21,4.06,4.55,3.17,2.13,1.62,39.21
39.066667,95.633333,-95.633333,TOPEKA BILLARD MUNI AP, KS,0.86,1.32,2.49,3.53,4.91,5.40,3.82,4.24,3.66,3.03,1.85,1.35,36.46
38.466667,101.766667,-101.766667,TRIBUNE 1W, KS,0.49,0.52,1.22,1.45,2.38,2.94,2.85,2.33,1.18,1.49,0.55,0.50,17.90
37.816667,99.066667,-99.066667,TROUSDALE 1 NE, KS,0.67,0.83,2.14,2.22,4.26,4.23,3.09,3.15,1.97,2.22,0.96,0.89,26.63
39.766667,95.150000,-95.150000,TROY 3N, KS,0.89,1.27,2.36,3.56,5.33,5.18,4.32,4.21,3.64,3.16,1.93,1.38,37.23
39.250000,96.600000,-96.600000,TUTTLE CREEK LAKE, KS,0.48,1.06,2.15,2.96,4.84,5.23,4.19,4.01,3.04,2.47,1.56,0.96,32.95
37.566667,101.350000,-101.350000,ULYSSES 3NE, KS,0.46,0.40,1.07,1.37,2.12,2.70,2.40,2.66,1.58,1.41,0.55,0.54,17.26
38.650000,100.166667,-100.166667,UTICA, KS,0.60,0.74,1.70,1.87,3.25,3.34,3.85,2.60,1.71,1.54,0.88,0.79,22.87
39.350000,95.450000,-95.450000,VALLEY FALLS 3 SW, KS,1.00,1.33,2.45,3.56,5.66,5.63,3.63,4.34,4.38,3.17,2.03,1.48,38.66
39.016667,99.883333,-99.883333,WAKEENEY, KS,0.64,0.80,1.72,2.13,3.50,2.93,3.77,2.80,2.06,1.59,0.99,0.74,23.67
39.166667,99.833333,-99.833333,WAKEENEY 16N, KS,0.44,0.60,1.46,2.07,3.56,2.46,3.68,2.71,1.79,1.44,0.83,0.71,21.75
39.216667,97.016667,-97.016667,WAKEFIELD 4 W, KS,0.66,0.86,2.26,2.95,4.44,4.20,3.84,4.20,3.27,2.50,1.51,1.00,31.69
37.600000,95.083333,-95.083333,WALNUT 4S, KS,1.69,1.97,3.22,4.52,5.99,6.30,4.49,3.41,4.94,4.20,3.00,2.31,46.04
39.216667,96.316667,-96.316667,WAMEGO 4 W, KS,0.69,1.17,2.29,3.09,4.70,5.49,4.41,4.19,2.98,2.58,1.79,1.09,34.47
39.816667,97.050000,-97.050000,WASHINGTON, KS,0.73,1.06,2.17,3.12,4.37,5.17,4.18,3.88,3.37,2.15,1.59,1.09,32.88
39.416667,99.416667,-99.416667,WEBSTER DAM, KS,0.52,0.64,1.65,2.34,3.61,2.91,4.00,3.35,1.96,1.65,1.03,0.74,24.40
37.233333,97.400000,-97.400000,WELLINGTON, KS,1.00,1.36,2.93,2.96,4.74,5.53,3.56,3.72,2.58,3.16,1.92,1.24,34.70
38.800000,96.733333,-96.733333,WHITE CITY, KS,0.80,1.11,2.51,3.32,4.98,5.04,4.14,4.05,3.16,2.57,1.81,1.19,34.68
37.650000,97.433333,-97.433333,WICHITA MID-CONTINENT, KS,0.83,1.18,2.69,2.59,4.57,5.20,3.32,3.71,3.14,2.78,1.43,1.20,32.64
37.233333,96.983333,-96.983333,WINFIELD 3NE, KS,1.24,1.77,3.18,3.45,5.83,6.04,3.80,3.98,3.35,3.43,2.44,1.71,40.22
39.066667,101.250000,-101.250000,WINONA, KS,0.38,0.47,0.96,1.66,2.94,2.61,3.48,2.53,1.26,1.43,0.74,0.49,18.95
38.800000,95.366667,-95.366667,WORDEN, KS,1.26,1.20,2.75,3.64,4.89,6.30,3.74,3.99,3.96,3.26,2.62,1.56,39.17
37.883333,95.716667,-95.716667,YATES CTR, KS,1.15,1.72,3.09,3.95,5.54,6.47,4.61,3.95,4.28,4.03,2.51,1.78,43.08
39.883333,94.466667,-94.466667,AMITY 4 NE, MO,0.83,1.28,2.32,3.57,5.28,5.19,4.55,4.31,4.19,3.17,1.87,1.56,38.12
36.650000,94.433333,-94.433333,ANDERSON 3W, MO,2.31,2.76,4.03,4.26,5.77,5.46,3.31,3.38,4.86,3.79,3.84,2.69,46.46
38.200000,94.033333,-94.033333,APPLETON CITY, MO,1.48,1.94,3.11,4.41,5.43,5.02,4.31,3.70,4.41,4.03,3.25,2.41,43.50
40.250000,94.050000,-94.050000,BETHANY, MO,0.96,1.48,2.29,3.73,5.05,5.07,5.34,4.06,3.65,2.89,2.06,1.63,38.21
38.250000,94.316667,-94.316667,BUTLER 4W, MO,1.52,1.93,2.84,4.28,5.91,6.31,4.15,3.68,4.40,3.77,3.04,2.16,43.99
37.183333,94.316667,-94.316667,CARTHAGE, MO,2.12,2.62,3.11,4.40,5.42,4.94,3.38,3.56,5.32,4.05,3.54,2.34,44.80
36.683333,93.866667,-93.866667,CASSVILLE RANGER STN, MO,2.55,2.54,3.78,4.56,5.66,4.62,3.75,3.24,4.79,3.62,4.44,3.40,46.95
40.250000,94.683333,-94.683333,CONCEPTION, MO,0.77,1.31,2.67,3.49,5.15,4.83,5.40,4.02,3.53,2.73,2.01,1.45,37.36
37.833333,94.016667,-94.016667,ELDORADO SPRINGS, MO,1.76,2.30,3.52,4.70,6.13,5.74,4.25,3.69,4.48,3.93,3.46,2.67,46.63
40.483333,94.416667,-94.416667,GRANT CITY, MO,0.77,1.36,2.28,3.26,4.80,5.09,4.90,3.58,3.12,3.19,2.23,1.44,36.02
39.750000,94.033333,-94.033333,HAMILTON 2W, MO,1.02,1.46,2.82,3.74,5.30,4.98,4.06,3.94,4.51,3.14,2.34,1.69,39.00
37.166667,94.500000,-94.500000,JOPLIN RGNL AP, MO,2.03,2.32,3.42,4.47,5.71,5.86,3.81,3.35,4.95,4.03,3.78,2.82,46.55
39.316667,94.716667,-94.716667,KANSAS CITY INTL AP, MO,1.07,1.46,2.37,3.70,5.23,5.23,4.45,3.89,4.62,3.16,2.15,1.53,38.86
40.050000,94.516667,-94.516667,KING CITY, MO,0.90,1.27,2.41,3.42,5.36,5.63,4.73,4.25,3.95,3.19,2.07,1.48,38.66
37.500000,94.266667,-94.266667,LAMAR 2W, MO,2.14,2.42,3.93,4.79,6.45,6.57,4.89,3.56,5.37,4.18,4.10,2.80,51.20
38.883333,94.333333,-94.333333,LEES SUMMIT MUNI AP, MO,1.20,1.68,2.32,4.02,5.69,6.23,4.43,4.50,4.40,3.53,2.46,1.72,42.18
37.383333,93.950000,-93.950000,LOCKWOOD, MO,2.16,2.44,3.67,4.44,5.73,5.52,4.64,3.59,4.95,3.97,3.97,2.67,47.75
40.350000,94.833333,-94.833333,MARYVILLE 2E, MO,0.82,1.13,2.43,3.60,5.08,4.99,5.09,4.06,3.50,3.01,2.10,1.44,37.25
36.883333,93.900000,-93.900000,MONETT 4SW, MO,2.36,2.30,3.75,4.24,5.23,5.05,3.50,3.43,5.14,3.61,4.23,3.01,45.85
37.150000,92.266667,-92.266667,MTN GROVE 2 N, MO,2.50,2.90,3.99,4.45,5.09,3.80,4.20,2.98,4.41,3.65,4.53,3.48,45.98
37.066667,93.883333,-93.883333,MT VERNON M U SW CTR, MO,2.37,2.14,3.54,4.05,5.18,5.57,3.75,3.84,4.99,3.52,4.43,2.89,46.27
36.866667,94.366667,-94.366667,NEOSHO, MO,2.24,2.43,3.75,4.65,5.98,5.57,3.68,3.29,5.12,4.05,4.06,2.91,47.73
37.850000,94.400000,-94.400000,NEVADA WTP, MO,1.54,2.09,3.38,4.92,6.04,5.89,4.65,3.67,4.55,4.05,3.26,2.41,46.45
39.983333,95.133333,-95.133333,OREGON, MO,0.35,0.85,2.46,3.45,5.10,4.87,4.64,3.51,3.10,3.17,1.62,1.36,34.48
36.950000,94.000000,-94.000000,PIERCE CITY, MO,2.40,2.19,3.61,4.15,4.94,5.21,3.46,3.50,4.69,3.74,4.26,2.89,45.04
39.550000,94.033333,-94.033333,POLO, MO,1.28,1.56,2.48,3.74,5.53,5.05,4.55,3.88,4.71,3.35,2.65,1.87,40.65
39.766667,94.916667,-94.916667,ST JOSEPH ROSECRANS MEM, MO,0.56,0.93,2.25,3.79,5.42,4.18,5.19,3.98,3.42,2.81,1.55,1.52,35.60
36.516667,93.933333,-93.933333,SELIGMAN, MO,2.56,2.67,4.03,4.20,5.47,5.00,3.26,3.59,5.06,4.03,4.14,3.36,47.37
40.450000,95.383333,-95.383333,TARKIO, MO,0.60,1.00,2.24,3.02,5.06,4.77,5.32,3.83,3.25,2.50,1.82,1.12,34.53
37.250000,94.566667,-94.566667,WACO 4N, MO,1.66,2.12,3.32,4.27,5.97,5.85,4.13,3.21,4.69,4.08,3.59,2.58,45.47
40.383333,99.500000,-99.500000,ATLANTA 2 WNW, NE,0.45,0.63,1.75,2.33,4.07,3.46,3.70,3.09,2.04,1.94,1.19,0.53,25.18
40.383333,95.750000,-95.750000,AUBURN 5 ESE, NE,0.74,1.10,2.27,2.80,4.52,4.24,4.09,3.61,3.07,2.27,1.82,1.15,31.68
40.050000,96.566667,-96.566667,BARNESTON, NE,0.63,0.88,2.50,3.07,4.46,4.88,4.19,4.24,3.63,2.24,1.55,0.91,33.18
40.133333,99.833333,-99.833333,BEAVER CITY, NE,0.55,0.74,1.79,2.34,3.70,3.48,3.01,3.00,1.93,1.93,1.09,0.75,24.31
40.500000,101.550000,-101.550000,BENKELMAN, NE,0.56,0.52,1.20,1.99,3.08,2.88,2.94,2.22,1.41,1.59,0.76,0.60,19.75
40.516667,99.633333,-99.633333,BERTRAND, NE,0.40,0.56,1.63,2.12,3.82,3.88,3.47,3.14,1.94,1.87,0.98,0.64,24.45
40.300000,98.533333,-98.533333,BLUE HILL 4 SW, NE,0.58,0.71,2.01,2.56,4.63,3.67,3.87,3.37,2.57,1.98,1.34,0.78,28.07
40.333333,97.566667,-97.566667,BRUNING, NE,0.61,0.67,1.99,2.63,4.68,4.43,3.57,3.53,3.30,2.07,1.34,0.90,29.72
40.266667,100.166667,-100.166667,CAMBRIDGE, NE,0.44,0.55,1.42,2.12,3.41,3.62,3.29,2.72,1.61,1.72,0.99,0.60,22.49
40.500000,97.933333,-97.933333,CLAY CTR, NE,0.48,0.77,1.83,2.63,5.05,4.22,3.88,3.47,2.45,2.06,1.17,0.77,28.78
40.216667,100.833333,-100.833333,CULBERTSON, NE,0.46,0.57,1.32,2.29,3.20,3.34,3.44,2.99,1.49,1.84,0.90,0.51,22.35
40.333333,98.066667,-98.066667,DEWEESE 4 SE, NE,0.53,0.63,1.97,2.45,4.65,3.52,3.92,3.28,2.39,2.00,1.30,0.71,27.35
40.483333,99.900000,-99.900000,ELWOOD 8 S, NE,0.48,0.57,1.46,2.06,3.76,3.78,3.43,2.80,1.61,1.90,0.94,0.64,23.43
40.416667,101.516667,-101.516667,ENDERS LAKE, NE,0.41,0.45,1.08,2.19,2.95,2.94,2.86,2.54,1.30,1.60,0.54,0.46,19.32
40.116667,97.166667,-97.166667,FAIRBURY 5S, NE,0.70,0.86,2.07,2.95,4.84,4.82,4.22,4.01,3.26,2.15,1.49,1.01,32.38
40.083333,95.583333,-95.583333,FALLS CITY 2 NE, NE,0.65,0.94,2.34,3.18,4.58,4.88,5.04,4.04,3.55,2.64,1.96,0.98,34.78
40.533333,96.600000,-96.600000,FIRTH, NE,0.67,0.92,2.37,2.72,5.38,4.12,4.65,3.01,3.41,2.17,1.62,1.16,32.20
40.100000,98.966667,-98.966667,FRANKLIN #2, NE,0.49,0.67,1.80,2.31,4.59,3.81,3.59,3.00,2.09,1.93,1.22,0.73,26.23
40.533333,97.600000,-97.600000,GENEVA, NE,0.59,0.61,1.84,2.59,4.78,4.43,3.46,3.48,3.33,2.11,1.33,0.72,29.27
40.066667,98.333333,-98.333333,GUIDE ROCK, NE,0.59,0.74,1.90,2.33,4.43,3.04,4.26,2.87,2.26,2.18,1.19,0.78,26.57
40.016667,101.933333,-101.933333,HAIGLER, NE,0.41,0.46,1.05,2.04,2.85,2.67,2.90,2.48,1.39,1.33,0.62,0.45,18.65
40.183333,97.000000,-97.000000,HARBINE 1 WSW, NE,0.65,0.86,2.13,2.95,4.39,4.09,4.53,4.29,3.53,2.13,1.47,0.89,31.91
40.000000,97.916667,-97.916667,HARDY, NE,0.62,0.73,1.90,2.56,4.47,3.84,3.80,2.90,2.57,2.02,1.33,0.86,27.60
40.083333,99.200000,-99.200000,HARLAN CO LAKE, NE,0.42,0.47,1.67,2.13,4.23,3.28,3.64,3.02,1.94,1.94,0.88,0.87,24.49
40.516667,101.016667,-101.016667,HAYES CENTER 1NW, NE,0.46,0.52,1.43,2.14,3.28,3.28,3.13,2.83,1.65,1.77,0.84,0.53,21.86
40.166667,97.583333,-97.583333,HEBRON, NE,0.71,0.78,2.15,2.79,4.80,4.78,4.13,3.73,2.92,2.21,1.44,0.95,31.39
40.433333,99.366667,-99.366667,HOLDREGE, NE,0.49,0.58,1.93,2.28,4.48,3.95,4.18,3.44,2.05,1.98,1.06,0.58,27.00
40.000000,97.500000,-97.500000,HUBBELL, NE,0.61,0.79,2.00,2.69,4.37,4.60,3.79,3.60,3.26,2.08,1.43,0.93,30.15
40.516667,101.633333,-101.633333,IMPERIAL FAA AP, NE,0.30,0.38,1.07,1.97,2.97,3.17,2.89,2.59,1.43,1.34,0.63,0.40,19.14
40.533333,101.966667,-101.966667,LAMAR 3 SSE, NE,0.42,0.33,1.03,1.67,2.81,2.69,3.00,2.41,1.13,1.30,0.56,0.39,17.74
40.216667,100.583333,-100.583333,MC COOK, NE,0.51,0.62,1.36,2.31,3.14,3.38,3.25,3.14,1.44,1.79,0.95,0.64,22.53
40.416667,100.683333,-100.683333,MC COOK 17 NNW, NE,0.30,0.45,1.16,2.21,3.12,3.59,3.00,2.65,1.51,1.75,0.66,0.46,20.86
40.383333,100.216667,-100.216667,MEDICINE CREEK DAM, NE,0.38,0.61,1.29,1.97,3.20,3.87,3.05,2.87,1.60,1.73,0.93,0.50,22.00
40.500000,98.950000,-98.950000,MINDEN, NE,0.47,0.50,1.74,2.04,4.55,3.94,3.70,3.35,2.20,2.14,1.08,0.51,26.22
40.066667,99.133333,-99.133333,NAPONEE, NE,0.47,0.67,1.72,2.00,4.57,3.71,3.43,2.95,1.87,1.92,0.97,0.61,24.89
40.200000,98.066667,-98.066667,NELSON, NE,0.63,0.70,1.80,2.62,4.52,3.50,4.07,3.09,2.72,2.02,1.34,0.81,27.82
40.133333,99.500000,-99.500000,ORLEANS 2 W, NE,0.51,0.68,1.70,2.07,3.95,3.36,3.70,3.17,1.87,1.87,0.99,0.70,24.57
40.350000,101.116667,-101.116667,PALISADE, NE,0.43,0.49,1.23,2.10,3.36,3.39,3.41,2.74,1.48,1.59,0.78,0.52,21.52
40.100000,96.150000,-96.150000,PAWNEE CITY, NE,0.79,1.03,2.60,3.08,4.38,4.54,3.54,3.90,3.60,2.42,1.66,0.93,32.47
40.316667,99.283333,-99.283333,RAGAN, NE,0.32,0.58,1.65,2.06,4.45,3.64,3.84,2.93,2.01,1.82,1.01,0.55,24.86
40.100000,98.516667,-98.516667,RED CLOUD, NE,0.50,0.57,1.76,2.20,4.54,3.38,3.93,3.20,2.19,1.97,1.14,0.65,26.03
40.350000,100.650000,-100.650000,RED WILLOW DAM, NE,0.29,0.43,1.22,2.04,3.04,3.49,2.87,2.69,1.51,1.65,0.72,0.52,20.47
40.466667,96.383333,-96.383333,STERLING, NE,0.93,1.08,2.29,2.82,5.09,3.73,4.21,3.67,2.71,2.09,1.54,1.07,31.23
40.533333,100.383333,-100.383333,STOCKVILLE, NE,0.42,0.59,1.24,2.06,3.38,3.66,3.20,2.68,1.51,1.85,0.92,0.45,21.96
40.016667,98.066667,-98.066667,SUPERIOR 4E, NE,0.63,0.73,2.06,2.55,4.51,3.56,3.79,3.08,2.56,2.02,1.40,0.96,27.85
40.233333,96.083333,-96.083333,TABLE ROCK 4 N, NE,0.76,1.06,2.40,3.07,4.52,4.55,4.72,4.00,3.55,2.42,1.82,1.09,33.96
40.383333,96.116667,-96.116667,TECUMSEH 1S, NE,0.75,1.13,2.42,2.84,5.04,4.04,4.23,3.81,2.91,2.26,1.71,1.13,32.27
40.166667,101.066667,-101.066667,TRENTON DAM, NE,0.45,0.45,1.23,2.16,3.21,3.15,3.42,2.89,1.49,1.66,0.89,0.52,21.52
40.316667,98.900000,-98.900000,UPLAND 4NE, NE,0.52,0.67,1.93,2.19,4.56,3.54,3.58,3.14,2.21,2.05,1.24,0.60,26.23
40.250000,96.500000,-96.500000,VIRGINIA, NE,0.74,0.99,2.45,3.08,4.93,4.50,4.21,3.86,3.29,2.31,1.57,1.09,33.02
40.416667,101.366667,-101.366667,WAUNETA, NE,0.41,0.46,1.14,1.87,3.05,3.25,2.68,2.43,1.30,1.51,0.69,0.43,19.22
40.400000,97.200000,-97.200000,WESTERN 2W, NE,0.71,0.96,2.05,2.62,4.61,4.28,3.79,3.61,3.33,2.02,1.41,1.05,30.44
40.100000,100.100000,-100.100000,WILSONVILLE, NE,0.46,0.56,1.44,2.09,3.87,3.43,3.55,2.78,1.84,2.04,1.03,0.67,23.76
40.133333,96.666667,-96.666667,WYMORE, NE,0.75,0.90,2.28,3.09,4.39,4.77,3.96,3.55,3.62,2.10,1.37,1.04,31.82
36.566667,96.166667,-96.166667,BARNSDALL, OK,1.68,1.99,3.22,4.42,5.87,5.83,3.92,3.80,4.25,3.46,3.00,2.19,43.63
36.750000,96.000000,-96.000000,BARTLESVILLE 3, OK,2.60,1.94,3.05,3.62,6.22,5.68,3.22,3.19,4.23,3.73,2.72,2.32,42.52
36.816667,100.533333,-100.533333,BEAVER, OK,0.60,0.74,1.71,1.72,2.67,3.89,2.73,2.63,1.69,1.73,0.92,0.96,21.99
36.533333,97.450000,-97.450000,BILLINGS, OK,1.17,1.53,3.19,3.32,4.46,5.10,3.18,3.13,3.33,3.42,2.18,1.52,35.53
36.733333,102.483333,-102.483333,BOISE CITY 2 E, OK,0.48,0.43,1.23,1.29,2.14,2.99,2.66,3.34,1.57,1.38,0.59,0.67,18.77
36.833333,99.616667,-99.616667,BUFFALO 2 SSW, OK,0.66,1.00,1.81,2.21,3.63,4.08,2.06,2.84,2.09,2.14,1.22,0.95,24.69
36.766667,98.350000,-98.350000,CHEROKEE 4W, OK,1.21,1.53,2.80,2.78,4.29,4.75,3.08,3.33,2.81,2.92,1.68,1.40,32.58
36.866667,96.566667,-96.566667,FORAKER, OK,1.04,1.31,3.04,3.43,5.25,5.74,3.90,3.24,4.67,3.58,1.79,1.74,38.73
36.550000,99.583333,-99.583333,FORT SUPPLY 3SE, OK,0.72,0.93,2.20,2.24,3.65,4.11,2.34,3.07,2.23,2.28,1.28,0.97,26.02
36.600000,101.616667,-101.616667,GOODWELL 2 E, OK,0.50,0.47,1.60,1.38,2.39,2.72,2.50,2.83,1.72,1.57,0.65,0.76,19.09
36.750000,98.133333,-98.133333,GREAT SALT PLAINS DAM, OK,0.92,1.14,2.90,2.54,4.41,4.56,2.95,3.81,3.14,3.29,1.80,1.31,32.77
36.533333,98.266667,-98.266667,HELENA 1 SSE, OK,1.05,1.32,2.79,2.89,4.17,4.52,2.80,3.44,2.87,3.06,1.73,1.36,32.00
36.883333,95.283333,-95.283333,HOLLOW, OK,1.65,2.03,3.40,4.03,6.42,5.28,3.37,2.94,4.37,3.65,3.22,2.44,42.80
36.866667,101.216667,-101.216667,HOOKER, OK,0.53,0.54,1.37,1.53,2.35,2.45,2.54,2.09,1.65,1.54,0.58,0.80,17.97
36.716667,97.800000,-97.800000,JEFFERSON, OK,1.00,1.32,2.99,3.02,5.16,4.91,2.95,3.71,3.25,3.47,1.98,1.44,35.20
36.900000,102.966667,-102.966667,KENTON, OK,0.45,0.49,1.05,1.19,2.05,2.34,3.43,3.13,1.39,1.43,0.56,0.52,18.03
36.700000,99.900000,-99.900000,LAVERNE, OK,0.68,0.87,1.82,1.94,2.75,3.52,2.65,2.85,1.80,1.88,1.11,1.05,22.92
36.883333,94.883333,-94.883333,MIAMI, OK,1.97,2.18,3.65,3.75,5.62,5.16,3.34,3.38,5.18,3.55,4.13,2.15,44.06
36.883333,97.050000,-97.050000,NEWKIRK 1NW, OK,0.97,1.67,3.05,4.02,5.19,5.73,3.90,3.44,3.67,3.82,2.18,1.67,39.31
36.666667,96.350000,-96.350000,PAWHUSKA, OK,1.68,2.26,3.93,4.86,5.79,6.50,4.56,3.59,4.61,3.84,3.03,2.29,46.94
36.733333,97.100000,-97.100000,PONCA CITY MUNI AP, OK,1.00,1.34,2.71,3.44,4.81,5.06,3.33,3.25,3.29,3.38,1.81,1.42,34.84
36.933333,102.633333,-102.633333,REGNIER, OK,0.35,0.33,0.95,1.17,2.01,2.44,2.44,2.59,1.15,1.29,0.47,0.44,15.63
36.666667,95.133333,-95.133333,VINITA 2 N, OK,1.98,2.22,3.68,3.90,5.42,4.71,3.07,3.15,4.96,3.81,3.72,2.74,43.36
36.583333,98.866667,-98.866667,WAYNOKA, OK,0.75,1.01,2.16,2.17,4.31,4.28,2.69,3.13,2.28,2.50,1.38,1.08,27.74
