DATA_YEAR,NIBRS_MONTH_ID,AGENCY_ID,MONTH_NUM,,,
2017,7472746,6428,1,,,
2017,7497336,6428,2,,,
2017,7525544,6428,3,,,
2017,7576431,6428,4,,,
2017,7599607,6428,5,,,
2017,7599609,6428,6,,,
2017,7599600,6428,7,,,
2017,7661482,6428,8,,,
2017,7661485,6428,9,,,
2017,7690560,6428,10,,,
2017,7717005,6428,11,,,
2017,7717004,6428,12,,,
2017,7471708,6274,1,,,
2017,7497237,6274,2,,,
2017,7525269,6274,3,,,
2017,7576252,6274,4,,,
2017,7599112,6274,5,,,
2017,7599113,6274,6,,,
2017,7599109,6274,7,,,
2017,7608498,6274,8,,,
2017,7660807,6274,9,,,
2017,7660808,6274,10,,,
2017,7689864,6274,11,,,
2017,7716608,6274,12,,,
2017,7472709,6374,1,,,
2017,7497296,6374,2,,,
2017,7525327,6374,3,,,
2017,7576389,6374,4,,,
2017,7599422,6374,5,,,
2017,7599421,6374,6,,,
2017,7599413,6374,7,,,
2017,7608851,6374,8,,,
2017,7633753,6374,9,,,
2017,7927031,6374,10,,,
2017,7927033,6374,11,,,
2017,7927032,6374,12,,,
2017,7471628,6166,1,,,
2017,7496573,6166,2,,,
2017,7524219,6166,3,,,
2017,7576163,6166,4,,,
2017,7597496,6166,5,,,
2017,7597497,6166,6,,,
2017,7597482,6166,7,,,
2017,7608470,6166,8,,,
2017,7633125,6166,9,,,
2017,7660791,6166,10,,,
2017,7689817,6166,11,,,
2017,7716497,6166,12,,,
2017,7471665,6244,1,,,
2017,7496610,6244,2,,,
2017,7524269,6244,3,,,
2017,7576208,6244,4,,,
2017,7598980,6244,7,,,
2017,7472728,6407,1,,,
2017,7497322,6407,2,,,
2017,7525355,6407,3,,,
2017,7576418,6407,4,,,
2017,7599620,6407,5,,,
2017,7604518,6407,6,,,
2017,7599533,6407,7,,,
2017,7610575,6407,8,,,
2017,7637176,6407,9,,,
2017,7663846,6407,10,,,
2017,7693179,6407,11,,,
2017,7719047,6407,12,,,
2017,7471662,6241,1,,,
2017,7496606,6241,2,,,
2017,7524264,6241,3,,,
2017,7576205,6241,4,,,
2017,7598977,6241,5,,,
2017,7598978,6241,6,,,
2017,7598971,6241,7,,,
2017,7633148,6241,8,,,
2017,7660797,6241,9,,,
2017,7689839,6241,10,,,
2017,7716558,6241,11,,,
2017,7716559,6241,12,,,
2017,7471638,6180,1,,,
2017,7472722,6400,1,,,
2017,7497315,6400,2,,,
2017,7525347,6400,3,,,
2017,7576410,6400,4,,,
2017,7599548,6400,5,,,
2017,7599549,6400,6,,,
2017,7599520,6400,7,,,
2017,7634406,6400,8,,,
2017,7690621,6400,9,,,
2017,7717461,6400,10,,,
2017,7717077,6400,11,,,
2017,7717411,6400,12,,,
2017,7471138,6087,1,,,
2017,7496224,6087,2,,,
2017,7524180,6087,3,,,
2017,7576109,6087,4,,,
2017,7597293,6087,5,,,
2017,7597294,6087,6,,,
2017,7597290,6087,7,,,
2017,7608188,6087,8,,,
2017,7633076,6087,9,,,
2017,7716320,6087,10,,,
2017,7716323,6087,11,,,
2017,7716321,6087,12,,,
2017,7525305,6323,1,,,
2017,7525311,6323,2,,,
2017,7525296,6323,3,,,
2017,7576300,6323,4,,,
2017,7925900,6323,5,,,
2017,7925902,6323,6,,,
2017,7599272,6323,7,,,
2017,7954212,6323,8,,,
2017,7954213,6323,9,,,
2017,7954214,6323,10,,,
2017,7954215,6323,11,,,
2017,7716683,6323,12,,,
2017,7472678,6314,1,,,
2017,7497265,6314,2,,,
2017,7525288,6314,3,,,
2017,7576291,6314,4,,,
2017,7599246,6314,5,,,
2017,7599248,6314,6,,,
2017,7599235,6314,7,,,
2017,7608566,6314,8,,,
2017,7633691,6314,9,,,
2017,7689875,6314,10,,,
2017,7716675,6314,11,,,
2017,7716670,6314,12,,,
2017,7472701,6362,1,,,
2017,7497292,6362,2,,,
2017,7525322,6362,3,,,
2017,7576381,6362,4,,,
2017,7599403,6362,5,,,
2017,7599409,6362,6,,,
2017,7599380,6362,7,,,
2017,7608629,6362,8,,,
2017,7633737,6362,9,,,
2017,7689887,6362,10,,,
2017,7716863,6362,11,,,
2017,7716862,6362,12,,,
2017,7472683,6321,1,,,
2017,7497271,6321,2,,,
2017,7525294,6321,3,,,
2017,7576296,6321,4,,,
2017,7599266,6321,5,,,
2017,7599271,6321,6,,,
2017,7599259,6321,7,,,
2017,7608579,6321,8,,,
2017,7660853,6321,9,,,
2017,7716679,6321,10,,,
2017,7716680,6321,11,,,
2017,7716678,6321,12,,,
2017,7472689,6336,1,,,
2017,7497281,6336,2,,,
2017,7525308,6336,3,,,
2017,7576367,6336,4,,,
2017,7716721,6336,5,,,
2017,7978401,6336,6,,,
2017,7599316,6336,7,,,
2017,7716720,6336,12,,,
2017,7471136,6081,1,,,
2017,7496218,6081,2,,,
2017,7524175,6081,3,,,
2017,7576102,6081,4,,,
2017,7597268,6081,5,,,
2017,7597269,6081,6,,,
2017,7597266,6081,7,,,
2017,7608096,6081,8,,,
2017,7660703,6081,9,,,
2017,7689603,6081,10,,,
2017,7716291,6081,11,,,
2017,7716289,6081,12,,,
2017,7472679,6315,1,,,
2017,7497266,6315,2,,,
2017,7525289,6315,3,,,
2017,7576290,6315,4,,,
2017,7599243,6315,5,,,
2017,7599247,6315,6,,,
2017,7599237,6315,7,,,
2017,7608558,6315,8,,,
2017,7633690,6315,9,,,
2017,7660846,6315,10,,,
2017,7716671,6315,11,,,
2017,7716669,6315,12,,,
2017,7471659,6228,1,,,
2017,7496603,6228,2,,,
2017,7524261,6228,3,,,
2017,7576202,6228,4,,,
2017,7598965,6228,5,,,
2017,7602838,6228,6,,,
2017,7598958,6228,7,,,
2017,7608478,6228,8,,,
2017,7660796,6228,9,,,
2017,7716553,6228,10,,,
2017,7716554,6228,11,,,
2017,7716551,6228,12,,,
2017,7471639,6184,1,,,
2017,7496585,6184,2,,,
2017,7471668,6248,1,,,
2017,7496612,6248,2,,,
2017,7524276,6248,3,,,
2017,7576211,6248,4,,,
2017,7598996,6248,5,,,
2017,7598998,6248,6,,,
2017,7598988,6248,7,,,
2017,7608882,6248,8,,,
2017,7633767,6248,9,,,
2017,7661437,6248,10,,,
2017,7690557,6248,11,,,
2017,7836358,6248,12,,,
2017,7472195,6289,1,,,
2017,7497250,6289,2,,,
2017,7525278,6289,3,,,
2017,7576272,6289,4,,,
2017,7599137,6289,5,,,
2017,7599136,6289,6,,,
2017,7599135,6289,7,,,
2017,7608508,6289,8,,,
2017,7835658,6289,9,,,
2017,7835655,6289,10,,,
2017,7835663,6289,11,,,
2017,7835664,6289,12,,,
2017,7471654,6212,1,,,
2017,7496598,6212,2,,,
2017,7524256,6212,3,,,
2017,7576195,6212,4,,,
2017,7598961,6212,5,,,
2017,7598963,6212,6,,,
2017,7598947,6212,7,,,
2017,7608476,6212,8,,,
2017,7633138,6212,9,,,
2017,7689828,6212,10,,,
2017,7716532,6212,11,,,
2017,7716537,6212,12,,,
2017,7471672,6249,1,,,
2017,7496613,6249,2,,,
2017,7524283,6249,3,,,
2017,7576212,6249,4,,,
2017,7599028,6249,5,,,
2017,7599029,6249,6,,,
2017,7599000,6249,7,,,
2017,7608599,6249,8,,,
2017,7633719,6249,9,,,
2017,7660879,6249,10,,,
2017,7689889,6249,11,,,
2017,7716710,6249,12,,,
2017,7471660,6239,1,,,
2017,7496604,6239,2,,,
2017,7524262,6239,3,,,
2017,7576203,6239,4,,,
2017,7598973,6239,5,,,
2017,7598974,6239,6,,,
2017,7598959,6239,7,,,
2017,7608479,6239,8,,,
2017,7660798,6239,9,,,
2017,7689840,6239,10,,,
2017,7716556,6239,11,,,
2017,7716557,6239,12,,,
2017,7471636,6176,1,,,
2017,7496580,6176,2,,,
2017,7524223,6176,3,,,
2017,7576171,6176,4,,,
2017,7598246,6176,5,,,
2017,7598459,6176,6,,,
2017,7597499,6176,7,,,
2017,7608627,6176,8,,,
2017,7633733,6176,9,,,
2017,7660886,6176,10,,,
2017,7689907,6176,11,,,
2017,7716701,6176,12,,,
2017,7472725,6404,1,,,
2017,7497319,6404,2,,,
2017,7525352,6404,3,,,
2017,7576413,6404,4,,,
2017,7471643,6190,1,,,
2017,7496588,6190,2,,,
2017,7524233,6190,3,,,
2017,7576178,6190,4,,,
2017,7598883,6190,5,,,
2017,7598886,6190,6,,,
2017,7598878,6190,7,,,
2017,7633139,6190,8,,,
2017,7633140,6190,9,,,
2017,7689835,6190,10,,,
2017,7716533,6190,11,,,
2017,7716541,6190,12,,,
2017,7471666,6246,1,,,
2017,7496609,6246,2,,,
2017,7524270,6246,3,,,
2017,7576209,6246,4,,,
2017,8364151,6246,5,,,
2017,8368809,6246,6,,,
2017,7598984,6246,7,,,
2017,8368811,6246,8,,,
2017,8368810,6246,9,,,
2017,8364152,6246,10,,,
2017,8368812,6246,11,,,
2017,8364153,6246,12,,,
2017,7471608,6132,1,,,
2017,7496559,6132,2,,,
2017,7524202,6132,3,,,
2017,7576143,6132,4,,,
2017,7597386,6132,5,,,
2017,7597388,6132,6,,,
2017,7597374,6132,7,,,
2017,7608221,6132,8,,,
2017,7716412,6132,9,,,
2017,7720259,6132,10,,,
2017,7925004,6132,11,,,
2017,7716411,6132,12,,,
2017,7472745,6426,1,,,
2017,7497337,6426,2,,,
2017,7525543,6426,3,,,
2017,7576430,6426,4,,,
2017,7599593,6426,5,,,
2017,7599597,6426,6,,,
2017,7599591,6426,7,,,
2017,7608954,6426,8,,,
2017,7661492,6426,9,,,
2017,7661496,6426,10,,,
2017,7690573,6426,11,,,
2017,7717038,6426,12,,,
2017,7472716,6389,1,,,
2017,7497306,6389,2,,,
2017,7525340,6389,3,,,
2017,7576399,6389,4,,,
2017,7599449,6389,5,,,
2017,7599450,6389,6,,,
2017,7599445,6389,7,,,
2017,7609135,6389,8,,,
2017,7661558,6389,9,,,
2017,7661562,6389,10,,,
2017,7690717,6389,11,,,
2017,7718259,6389,12,,,
2017,7472726,6405,1,,,
2017,7497320,6405,2,,,
2017,7525353,6405,3,,,
2017,7576416,6405,4,,,
2017,7633749,6405,5,,,
2017,7633747,6405,6,,,
2017,7599527,6405,7,,,
2017,7633748,6405,8,,,
2017,7716894,6405,9,,,
2017,7927024,6405,10,,,
2017,7927023,6405,11,,,
2017,7716897,6405,12,,,
2017,7471675,6251,1,,,
2017,7496615,6251,2,,,
2017,7524286,6251,3,,,
2017,7576214,6251,4,,,
2017,7599022,6251,5,,,
2017,7599023,6251,6,,,
2017,7599015,6251,7,,,
2017,7633234,6251,8,,,
2017,7689862,6251,9,,,
2017,7689863,6251,10,,,
2017,7692960,6251,11,,,
2017,7716594,6251,12,,,
2017,7471625,6156,1,,,
2017,7496570,6156,2,,,
2017,7524216,6156,3,,,
2017,7471767,6275,1,,,
2017,7497239,6275,2,,,
2017,7525270,6275,3,,,
2017,7576254,6275,4,,,
2017,7599123,6275,5,,,
2017,7599124,6275,6,,,
2017,7599110,6275,7,,,
2017,7608634,6275,8,,,
2017,7633735,6275,9,,,
2017,7660889,6275,10,,,
2017,7716749,6275,11,,,
2017,7716751,6275,12,,,
2017,7471135,6086,1,,,
2017,7496223,6086,2,,,
2017,7524179,6086,3,,,
2017,7576108,6086,4,,,
2017,7597285,6086,5,,,
2017,7597287,6086,6,,,
2017,7597279,6086,7,,,
2017,7608195,6086,8,,,
2017,7633079,6086,9,,,
2017,7660721,6086,10,,,
2017,7716325,6086,11,,,
2017,7716322,6086,12,,,
2017,7599529,6404,5,,,
2017,7599532,6404,6,,,
2017,7599524,6404,7,,,
2017,7608640,6404,8,,,
2017,7633746,6404,9,,,
2017,7660915,6404,10,,,
2017,7690022,6404,11,,,
2017,7716877,6404,12,,,
2017,7576157,6156,4,,,
2017,7524229,6184,3,,,
2017,7576176,6184,4,,,
2017,7598863,6184,5,,,
2017,7598867,6184,6,,,
2017,7597892,6184,7,,,
2017,7660792,6184,8,,,
2017,7663411,6184,9,,,
2017,7471126,6071,1,,,
2017,7496101,6071,2,,,
2017,7524168,6071,3,,,
2017,7576082,6071,4,,,
2017,7597246,6071,5,,,
2017,7597248,6071,6,,,
2017,7597243,6071,7,,,
2017,7608179,6071,8,,,
2017,7633047,6071,9,,,
2017,7660715,6071,10,,,
2017,7689767,6071,11,,,
2017,7716292,6071,12,,,
2017,7472729,6408,1,,,
2017,7497323,6408,2,,,
2017,7525356,6408,3,,,
2017,7576419,6408,4,,,
2017,7599546,6408,5,,,
2017,7599547,6408,6,,,
2017,7599537,6408,7,,,
2017,7608853,6408,8,,,
2017,7633750,6408,9,,,
2017,7661433,6408,10,,,
2017,7690020,6408,11,,,
2017,7716890,6408,12,,,
2017,7471649,6203,1,,,
2017,7496592,6203,2,,,
2017,7524242,6203,3,,,
2017,7576187,6203,4,,,
2017,7598927,6203,5,,,
2017,7598928,6203,6,,,
2017,7598926,6203,7,,,
2017,7608463,6203,8,,,
2017,7660783,6203,9,,,
2017,7689814,6203,10,,,
2017,7716503,6203,11,,,
2017,7716501,6203,12,,,
2017,7471139,6091,1,,,
2017,7496226,6091,2,,,
2017,7524182,6091,3,,,
2017,7576113,6091,4,,,
2017,7835056,6091,5,,,
2017,7835057,6091,6,,,
2017,7597295,6091,7,,,
2017,7835058,6091,8,,,
2017,7835059,6091,9,,,
2017,7835061,6091,10,,,
2017,7841813,6091,11,,,
2017,7924679,6091,12,,,
2017,7471606,6128,1,,,
2017,7496557,6128,2,,,
2017,7524200,6128,3,,,
2017,7576141,6128,4,,,
2017,7601887,6128,5,,,
2017,7608219,6128,6,,,
2017,7597372,6128,7,,,
2017,7608222,6128,8,,,
2017,7633102,6128,9,,,
2017,7660740,6128,10,,,
2017,7689787,6128,11,,,
2017,7716399,6128,12,,,
2017,7471604,6126,1,,,
2017,7496555,6126,2,,,
2017,7524198,6126,3,,,
2017,7576138,6126,4,,,
2017,7597367,6126,5,,,
2017,7597370,6126,6,,,
2017,7597365,6126,7,,,
2017,7633096,6126,8,,,
2017,7633099,6126,9,,,
2017,7689785,6126,10,,,
2017,7716390,6126,11,,,
2017,7716386,6126,12,,,
2017,7471683,6267,1,,,
2017,7497233,6267,2,,,
2017,7525266,6267,3,,,
2017,7576238,6267,4,,,
2017,7599106,6267,5,,,
2017,7599108,6267,6,,,
2017,7599095,6267,7,,,
2017,7608493,6267,8,,,
2017,7660806,6267,9,,,
2017,7689856,6267,10,,,
2017,7716602,6267,11,,,
2017,7716605,6267,12,,,
2017,7471656,6223,1,,,
2017,7496601,6223,2,,,
2017,7524259,6223,3,,,
2017,7576200,6223,4,,,
2017,7598966,6223,5,,,
2017,7598968,6223,6,,,
2017,7598956,6223,7,,,
2017,7608473,6223,8,,,
2017,7633135,6223,9,,,
2017,7689827,6223,10,,,
2017,7716549,6223,11,,,
2017,7716548,6223,12,,,
2017,7717171,6159,1,,,
2017,7717112,6159,2,,,
2017,7717204,6159,3,,,
2017,7717248,6159,4,,,
2017,7717282,6159,5,,,
2017,7717375,6159,6,,,
2017,7717542,6159,7,,,
2017,7717420,6159,8,,,
2017,7717484,6159,9,,,
2017,7720317,6159,10,,,
2017,7836561,6159,11,,,
2017,7717085,6159,12,,,
2017,7472791,6197,1,,,
2017,7497398,6197,2,,,
2017,7525582,6197,3,,,
2017,7576482,6197,4,,,
2017,7601380,6197,5,,,
2017,7601386,6197,6,,,
2017,7601375,6197,7,,,
2017,7608979,6197,8,,,
2017,7634400,6197,9,,,
2017,7717800,6197,10,,,
2017,7717972,6197,11,,,
2017,7717697,6197,12,,,
2017,7472707,6373,1,,,
2017,7497297,6373,2,,,
2017,7525326,6373,3,,,
2017,7576388,6373,4,,,
2017,7599420,6373,5,,,
2017,7599419,6373,6,,,
2017,7599410,6373,7,,,
2017,7608624,6373,8,,,
2017,7633734,6373,9,,,
2017,7926982,6373,10,,,
2017,7926984,6373,11,,,
2017,7926983,6373,12,,,
2017,7472296,6293,1,,,
2017,7497251,6293,2,,,
2017,7525280,6293,3,,,
2017,7576276,6293,4,,,
2017,7599197,6293,5,,,
2017,7599198,6293,6,,,
2017,7599186,6293,7,,,
2017,7608515,6293,8,,,
2017,7633689,6293,9,,,
2017,7660843,6293,10,,,
2017,7689873,6293,11,,,
2017,7716642,6293,12,,,
2017,7471641,6189,1,,,
2017,7496587,6189,2,,,
2017,7524232,6189,3,,,
2017,7576177,6189,4,,,
2017,7598876,6189,5,,,
2017,7598877,6189,6,,,
2017,7598874,6189,7,,,
2017,7608455,6189,8,,,
2017,7689811,6189,9,,,
2017,7716481,6189,10,,,
2017,7835197,6189,11,,,
2017,7716480,6189,12,,,
2017,7472763,6458,1,,,
2017,7497347,6458,2,,,
2017,7525550,6458,3,,,
2017,7576441,6458,4,,,
2017,7599648,6458,5,,,
2017,7599647,6458,6,,,
2017,7599643,6458,7,,,
2017,7608913,6458,8,,,
2017,7634182,6458,9,,,
2017,7661477,6458,10,,,
2017,7690556,6458,11,,,
2017,7716999,6458,12,,,
2017,7471620,6144,1,,,
2017,7496566,6144,2,,,
2017,7524211,6144,3,,,
2017,7576152,6144,4,,,
2017,7597421,6144,5,,,
2017,7597423,6144,6,,,
2017,7597406,6144,7,,,
2017,7608225,6144,8,,,
2017,7633100,6144,9,,,
2017,7660736,6144,10,,,
2017,7689795,6144,11,,,
2017,7716407,6144,12,,,
2017,7471653,6211,1,,,
2017,7496597,6211,2,,,
2017,7524255,6211,3,,,
2017,7576194,6211,4,,,
2017,7598948,6211,5,,,
2017,7598949,6211,6,,,
2017,7598946,6211,7,,,
2017,7608468,6211,8,,,
2017,7633129,6211,9,,,
2017,7472221,6290,1,,,
2017,7497252,6290,2,,,
2017,7525279,6290,3,,,
2017,7576273,6290,4,,,
2017,7599144,6290,5,,,
2017,7603513,6290,6,,,
2017,7599139,6290,7,,,
2017,7608504,6290,8,,,
2017,7633687,6290,9,,,
2017,7689868,6290,10,,,
2017,7689869,6290,11,,,
2017,7925854,6290,12,,,
2017,7597197,26900,2,,,
2017,7576054,26900,3,,,
2017,7576060,26900,4,,,
2017,7597194,26900,5,,,
2017,7597204,26900,6,,,
2017,7597187,26900,7,,,
2017,7608087,26900,8,,,
2017,7633028,26900,9,,,
2017,7660687,26900,10,,,
2017,7689592,26900,11,,,
2017,7716155,26900,12,,,
2017,7601482,27010,4,,,
2017,7601483,27010,5,,,
2017,7927256,27010,6,,,
2017,7927254,27010,7,,,
2017,7608987,27010,8,,,
2017,7634454,27010,9,,,
2017,7836586,27010,10,,,
2017,7836587,27010,11,,,
2017,7718241,27010,12,,,
2017,7597200,26901,1,,,
2017,7576058,26901,3,,,
2017,7576061,26901,4,,,
2017,7597191,26901,5,,,
2017,7597196,26901,6,,,
2017,7597189,26901,7,,,
2017,7608081,26901,8,,,
2017,7633030,26901,9,,,
2017,7660690,26901,10,,,
2017,7689588,26901,11,,,
2017,7716153,26901,12,,,
2017,7980064,27507,8,,,
2017,7927262,27507,9,,,
2017,8369616,27507,10,,,
2017,7927255,27507,11,,,
2017,7927257,27507,12,,,
2017,7601476,27009,5,,,
2017,7601478,27009,6,,,
2017,7601475,27009,7,,,
2017,7661530,27009,9,,,
2017,7661529,27009,10,,,
2017,7690609,27009,11,,,
2017,7718238,27009,12,,,
2017,7472787,6493,1,,,
2017,7497385,6493,2,,,
2017,7525577,6493,3,,,
2017,7576465,6493,4,,,
2017,7601361,6493,5,,,
2017,7601362,6493,6,,,
2017,7601360,6493,7,,,
2017,7608956,6493,8,,,
2017,7634398,6493,9,,,
2017,7690584,6493,10,,,
2017,7690588,6493,11,,,
2017,7717072,6493,12,,,
2017,7525606,25852,1,,,
2017,7601458,25852,3,,,
2017,7601462,25852,4,,,
2017,7601455,25852,6,,,
2017,7634429,25852,9,,,
2017,7718236,25852,11,,,
2017,7718233,25852,12,,,
2017,7576504,26903,3,,,
2017,7601477,26903,4,,,
2017,7601479,26903,5,,,
2017,7601481,26903,6,,,
2017,7601480,26903,7,,,
2017,7608986,26903,8,,,
2017,7634439,26903,9,,,
2017,7661531,26903,10,,,
2017,7690612,26903,11,,,
2017,7718243,26903,12,,,
2017,7690606,27413,1,,,
2017,7634430,27413,2,,,
2017,7634449,27413,3,,,
2017,7690614,27413,4,,,
2017,7980055,27413,5,,,
2017,7980059,27413,6,,,
2017,7955224,27413,7,,,
2017,7927244,27413,8,,,
2017,7996100,27413,9,,,
2017,7996102,27413,10,,,
2017,7718237,27413,11,,,
2017,7718240,27413,12,,,
2017,7525609,26570,1,,,
2017,7601470,26570,2,,,
2017,7525607,26570,3,,,
2017,7601473,26570,4,,,
2017,7601474,26570,5,,,
2017,7927250,26570,6,,,
2017,7601467,26570,7,,,
2017,7927248,26570,8,,,
2017,7927247,26570,9,,,
2017,7927243,26570,10,,,
2017,7927251,26570,11,,,
2017,7836579,26570,12,,,
2017,7716156,22633,2,,,
2017,7576055,22633,3,,,
2017,7576062,22633,4,,,
2017,7597198,22633,5,,,
2017,7597201,22633,6,,,
2017,7597192,22633,7,,,
2017,7608082,22633,8,,,
2017,7633029,22633,9,,,
2017,7660688,22633,10,,,
2017,7689589,22633,11,,,
2017,7716151,22633,12,,,
2017,7634407,6259,1,,,
2017,7634403,6259,2,,,
2017,7634404,6259,3,,,
2017,7634405,6259,4,,,
2017,7876975,6259,5,,,
2017,7876977,6259,6,,,
2017,7876979,6259,7,,,
2017,7634408,6259,8,,,
2017,7661518,6259,9,,,
2017,7927185,6259,10,,,
2017,7927193,6259,11,,,
2017,7927186,6259,12,,,
2017,7472730,6409,1,,,
2017,7497324,6409,2,,,
2017,7525357,6409,3,,,
2017,7576420,6409,4,,,
2017,7690608,25665,1,,,
2017,7690605,25665,3,,,
2017,7690615,25665,4,,,
2017,7690601,25665,5,,,
2017,7690604,25665,6,,,
2017,7661526,25665,7,,,
2017,7955182,25665,8,,,
2017,7927234,25665,9,,,
2017,7718235,25665,10,,,
2017,7927235,25665,11,,,
2017,7718231,25665,12,,,
2017,7472792,6188,1,,,
2017,7525581,6188,2,,,
2017,7525580,6188,3,,,
2017,7576480,6188,4,,,
2017,7601371,6188,7,,,
2017,7717570,6188,8,,,
2017,7661509,6188,9,,,
2017,7836562,6188,10,,,
2017,7472799,6260,1,,,
2017,7601413,6260,2,,,
2017,7525593,6260,3,,,
2017,7634402,6260,8,,,
2017,8362586,6260,10,,,
2017,7597188,26918,1,,,
2017,7576056,26918,2,,,
2017,7576063,26918,3,,,
2017,7576066,26918,4,,,
2017,7597193,26918,5,,,
2017,7597207,26918,6,,,
2017,7597190,26918,7,,,
2017,7608085,26918,8,,,
2017,7633031,26918,9,,,
2017,7660691,26918,10,,,
2017,7689593,26918,11,,,
2017,7716150,26918,12,,,
2017,7576071,26919,3,,,
2017,7576072,26919,4,,,
2017,7597209,26919,5,,,
2017,7597213,26919,6,,,
2017,7597208,26919,7,,,
2017,7608086,26919,8,,,
2017,7633034,26919,9,,,
2017,7660694,26919,10,,,
2017,7689595,26919,11,,,
2017,7716160,26919,12,,,
2017,7877067,6439,1,,,
2017,7877070,6439,2,,,
2017,7877074,6439,3,,,
2017,7877077,6439,4,,,
2017,7877079,6439,5,,,
2017,7877080,6439,6,,,
2017,7877082,6439,7,,,
2017,7877084,6439,8,,,
2017,7877088,6439,9,,,
2017,7877091,6439,10,,,
2017,7877093,6439,11,,,
2017,7877096,6439,12,,,
2017,7576460,6492,1,,,
2017,7689816,6211,10,,,
2017,7716527,6211,11,,,
2017,7716526,6211,12,,,
2017,7471130,6077,1,,,
2017,7496215,6077,2,,,
2017,7524172,6077,3,,,
2017,7576087,6077,4,,,
2017,7597260,6077,5,,,
2017,7597261,6077,6,,,
2017,7597258,6077,7,,,
2017,7608095,6077,8,,,
2017,7633050,6077,9,,,
2017,7689601,6077,10,,,
2017,7716296,6077,11,,,
2017,7716286,6077,12,,,
2017,7471137,6088,1,,,
2017,7496225,6088,2,,,
2017,7524181,6088,3,,,
2017,7576112,6088,4,,,
2017,7597297,6088,5,,,
2017,7597292,6088,6,,,
2017,7597291,6088,7,,,
2017,7608190,6088,8,,,
2017,7633080,6088,9,,,
2017,7660722,6088,10,,,
2017,7689768,6088,11,,,
2017,7716334,6088,12,,,
2017,7472727,6406,1,,,
2017,7497321,6406,2,,,
2017,7525354,6406,3,,,
2017,7576417,6406,4,,,
2017,7599535,6406,5,,,
2017,7599536,6406,6,,,
2017,7599528,6406,7,,,
2017,7608842,6406,8,,,
2017,7660917,6406,9,,,
2017,7690032,6406,10,,,
2017,7716895,6406,11,,,
2017,7716900,6406,12,,,
2017,7472762,6459,1,,,
2017,7497349,6459,2,,,
2017,7525551,6459,3,,,
2017,7576442,6459,4,,,
2017,7599653,6459,5,,,
2017,7599654,6459,6,,,
2017,7599645,6459,7,,,
2017,7608924,6459,8,,,
2017,7634378,6459,9,,,
2017,7717006,6459,10,,,
2017,7717007,6459,11,,,
2017,7717002,6459,12,,,
2017,7471663,6242,1,,,
2017,7496607,6242,2,,,
2017,7524265,6242,3,,,
2017,7576206,6242,4,,,
2017,7978198,6242,5,,,
2017,7978199,6242,6,,,
2017,7598972,6242,7,,,
2017,7925805,6242,8,,,
2017,7930750,6242,9,,,
2017,7978201,6242,10,,,
2017,7978200,6242,11,,,
2017,7978203,6242,12,,,
2017,7472740,6419,1,,,
2017,7497334,6419,2,,,
2017,7525366,6419,3,,,
2017,7576428,6419,4,,,
2017,7599589,6419,5,,,
2017,7599592,6419,6,,,
2017,7599588,6419,7,,,
2017,7608876,6419,8,,,
2017,7633811,6419,9,,,
2017,7661439,6419,10,,,
2017,7690548,6419,11,,,
2017,7716945,6419,12,,,
2017,7472721,6399,1,,,
2017,7497314,6399,2,,,
2017,7525345,6399,3,,,
2017,7576409,6399,4,,,
2017,7599511,6399,5,,,
2017,7660910,6399,6,,,
2017,7599506,6399,7,,,
2017,7660911,6399,8,,,
2017,7716866,6399,9,,,
2017,7716872,6399,10,,,
2017,7836357,6399,11,,,
2017,7716868,6399,12,,,
2017,7471667,6247,1,,,
2017,7496611,6247,2,,,
2017,7524271,6247,3,,,
2017,7576210,6247,4,,,
2017,7598987,6247,7,,,
2017,7925807,6247,11,,,
2017,7472764,6461,1,,,
2017,7497350,6461,2,,,
2017,7525552,6461,3,,,
2017,7576443,6461,4,,,
2017,7599651,6461,5,,,
2017,7634385,6461,6,,,
2017,7599649,6461,7,,,
2017,7634386,6461,8,,,
2017,7661487,6461,9,,,
2017,7663955,6461,10,,,
2017,7717024,6461,11,,,
2017,7717023,6461,12,,,
2017,7471129,6075,1,,,
2017,7496213,6075,2,,,
2017,7524171,6075,3,,,
2017,7576084,6075,4,,,
2017,7597249,6075,5,,,
2017,7597252,6075,6,,,
2017,7597247,6075,7,,,
2017,7608093,6075,8,,,
2017,7660701,6075,9,,,
2017,7835041,6075,10,,,
2017,7924663,6075,11,,,
2017,7924664,6075,12,,,
2017,7472768,6468,1,,,
2017,7497360,6468,2,,,
2017,7525557,6468,3,,,
2017,7576444,6468,4,,,
2017,7601312,6468,5,,,
2017,7601313,6468,6,,,
2017,7601303,6468,7,,,
2017,7608929,6468,8,,,
2017,7634384,6468,9,,,
2017,7690576,6468,10,,,
2017,7717025,6468,11,,,
2017,7717022,6468,12,,,
2017,7925675,6155,8,,,
2017,7471607,6131,1,,,
2017,7496558,6131,2,,,
2017,7524201,6131,3,,,
2017,7576142,6131,4,,,
2017,7597375,6131,5,,,
2017,7597376,6131,6,,,
2017,7597373,6131,7,,,
2017,7608231,6131,8,,,
2017,7660750,6131,9,,,
2017,7663312,6131,10,,,
2017,7716419,6131,11,,,
2017,7716420,6131,12,,,
2017,7472704,6369,1,,,
2017,7497293,6369,2,,,
2017,7525323,6369,3,,,
2017,7576384,6369,4,,,
2017,7599411,6369,5,,,
2017,7599414,6369,6,,,
2017,7599390,6369,7,,,
2017,7608623,6369,8,,,
2017,7660877,6369,9,,,
2017,7660878,6369,10,,,
2017,8364275,6369,11,,,
2017,7716827,6369,12,,,
2017,7471677,6253,1,,,
2017,7496616,6253,2,,,
2017,7524293,6253,3,,,
2017,7576215,6253,4,,,
2017,7599040,6253,7,,,
2017,7471123,6062,1,,,
2017,7496105,6062,2,,,
2017,7524166,6062,3,,,
2017,7576078,6062,4,,,
2017,7597233,6062,5,,,
2017,7597234,6062,6,,,
2017,7597230,6062,7,,,
2017,7608178,6062,8,,,
2017,7633055,6062,9,,,
2017,7660707,6062,10,,,
2017,7689765,6062,11,,,
2017,7716294,6062,12,,,
2017,7471605,6127,1,,,
2017,7496556,6127,2,,,
2017,7524199,6127,3,,,
2017,7576139,6127,4,,,
2017,7601878,6127,5,,,
2017,7660746,6127,6,,,
2017,7597366,6127,7,,,
2017,7716410,6127,8,,,
2017,7716413,6127,9,,,
2017,7716408,6127,10,,,
2017,7841812,6127,11,,,
2017,7716409,6127,12,,,
2017,7471616,6143,1,,,
2017,7496565,6143,2,,,
2017,7524210,6143,3,,,
2017,7576149,6143,4,,,
2017,7597396,6143,5,,,
2017,7597397,6143,6,,,
2017,7597395,6143,7,,,
2017,7608230,6143,8,,,
2017,7633104,6143,9,,,
2017,7660743,6143,10,,,
2017,7689798,6143,11,,,
2017,7716421,6143,12,,,
2017,7471635,6175,1,,,
2017,7597470,6156,7,,,
2017,7597205,26916,1,,,
2017,7576065,26916,2,,,
2017,7576053,26916,3,,,
2017,7576059,26916,4,,,
2017,7597195,26916,5,,,
2017,7597206,26916,6,,,
2017,7597184,26916,7,,,
2017,7608084,26916,8,,,
2017,7633033,26916,9,,,
2017,7660689,26916,10,,,
2017,7689591,26916,11,,,
2017,7716152,26916,12,,,
2017,7877135,26655,2,,,
2017,7576505,26655,3,,,
2017,7576503,26655,4,,,
2017,7877137,26655,6,,,
2017,7601465,26655,7,,,
2017,7661528,26655,8,,,
2017,7497413,25853,1,,,
2017,7601469,25853,2,,,
2017,7601464,25853,3,,,
2017,7601472,25853,5,,,
2017,7876840,25853,6,,,
2017,7601459,25853,7,,,
2017,7927241,25853,9,,,
2017,7927240,25853,10,,,
2017,7836578,25853,11,,,
2017,7927239,25853,12,,,
2017,7472790,6495,1,,,
2017,7877136,6495,4,,,
2017,7877139,6495,5,,,
2017,7877141,6495,6,,,
2017,7877143,6495,7,,,
2017,8364388,6495,8,,,
2017,7927173,6495,9,,,
2017,7877145,6495,10,,,
2017,7877147,6495,11,,,
2017,7597203,26917,1,,,
2017,7576064,26917,2,,,
2017,7576067,26917,3,,,
2017,7576069,26917,4,,,
2017,7597183,26917,5,,,
2017,7597199,26917,6,,,
2017,7597186,26917,7,,,
2017,7608083,26917,8,,,
2017,7633032,26917,9,,,
2017,7660686,26917,10,,,
2017,7689590,26917,11,,,
2017,7716154,26917,12,,,
2017,7597215,26099,1,,,
2017,7576073,26099,3,,,
2017,7576074,26099,4,,,
2017,7597212,26099,5,,,
2017,7597219,26099,6,,,
2017,7597210,26099,7,,,
2017,7608088,26099,8,,,
2017,7633036,26099,9,,,
2017,7660695,26099,10,,,
2017,7689597,26099,11,,,
2017,7716252,26099,12,,,
2017,7496563,6138,1,,,
2017,7496562,6138,2,,,
2017,7524207,6138,3,,,
2017,7576150,6138,4,,,
2017,7597385,6138,5,,,
2017,7597387,6138,6,,,
2017,7597384,6138,7,,,
2017,7608220,6138,8,,,
2017,7633097,6138,9,,,
2017,7689789,6138,10,,,
2017,7689790,6138,11,,,
2017,7716394,6138,12,,,
2017,7608091,26902,2,,,
2017,7576075,26902,3,,,
2017,7576076,26902,4,,,
2017,7597218,26902,5,,,
2017,7597221,26902,6,,,
2017,7597217,26902,7,,,
2017,7608090,26902,8,,,
2017,7633035,26902,9,,,
2017,7689596,26902,10,,,
2017,7716255,26902,11,,,
2017,7716254,26902,12,,,
2017,7876910,6178,1,,,
2017,7525579,6178,2,,,
2017,7576478,6178,3,,,
2017,7876913,6178,4,,,
2017,7661508,6178,5,,,
2017,7876915,6178,6,,,
2017,7927175,6178,7,,,
2017,7876918,6178,8,,,
2017,7876922,6178,9,,,
2017,7717554,6178,10,,,
2017,7717503,6178,11,,,
2017,7717460,6178,12,,,
2017,7601457,25671,1,,,
2017,7601456,25671,2,,,
2017,7601468,25671,3,,,
2017,7601453,25671,4,,,
2017,7601471,25671,5,,,
2017,7718242,25671,6,,,
2017,7718244,25671,7,,,
2017,7718232,25671,8,,,
2017,7718245,25671,9,,,
2017,7836581,25671,10,,,
2017,7718239,25671,12,,,
2017,7471626,6157,1,,,
2017,7496571,6157,2,,,
2017,7524217,6157,3,,,
2017,7576158,6157,4,,,
2017,7597472,6157,5,,,
2017,7602097,6157,6,,,
2017,7597471,6157,7,,,
2017,7608450,6157,8,,,
2017,7636703,6157,9,,,
2017,7689802,6157,10,,,
2017,7835162,6157,11,,,
2017,7835165,6157,12,,,
2017,7877086,6441,1,,,
2017,7877090,6441,2,,,
2017,7525599,6441,3,,,
2017,7601429,6441,4,,,
2017,7601431,6441,5,,,
2017,7718218,6441,6,,,
2017,7601425,6441,7,,,
2017,7661519,6441,8,,,
2017,7877095,6441,9,,,
2017,7877098,6441,10,,,
2017,7836577,6441,11,,,
2017,7718216,6441,12,,,
2017,7472804,6437,1,,,
2017,7497409,6437,2,,,
2017,7525598,6437,3,,,
2017,7576494,6437,4,,,
2017,7601434,6437,5,,,
2017,7718213,6437,6,,,
2017,7601422,6437,7,,,
2017,7661522,6437,8,,,
2017,7927222,6437,9,,,
2017,7718215,6437,10,,,
2017,7718214,6437,11,,,
2017,7718209,6437,12,,,
2017,7472778,6486,1,,,
2017,7497371,6486,2,,,
2017,7525568,6486,3,,,
2017,7576456,6486,4,,,
2017,7601339,6486,5,,,
2017,7608949,6486,6,,,
2017,7601336,6486,7,,,
2017,7608948,6486,8,,,
2017,7717054,6486,9,,,
2017,7721640,6486,10,,,
2017,7717056,6486,11,,,
2017,7717053,6486,12,,,
2017,7576463,6492,2,,,
2017,7576464,6492,3,,,
2017,7634395,6492,4,,,
2017,7927153,6492,5,,,
2017,7927152,6492,6,,,
2017,7661504,6492,7,,,
2017,7955126,6492,8,,,
2017,7927151,6492,9,,,
2017,7717057,6492,10,,,
2017,7877133,6492,11,,,
2017,7717055,6492,12,,,
2017,7471678,6255,1,,,
2017,7524297,6255,2,,,
2017,7524296,6255,3,,,
2017,7576216,6255,4,,,
2017,7599044,6255,5,,,
2017,7599045,6255,6,,,
2017,7599042,6255,7,,,
2017,7633192,6255,8,,,
2017,7660800,6255,9,,,
2017,7689851,6255,10,,,
2017,7716573,6255,11,,,
2017,7716575,6255,12,,,
2017,7472806,6444,1,,,
2017,7601446,6444,2,,,
2017,7525602,6444,3,,,
2017,7576498,6444,4,,,
2017,7877102,6444,6,,,
2017,7601443,6444,7,,,
2017,7877099,6443,1,,,
2017,7601441,6443,2,,,
2017,7877101,6443,3,,,
2017,7877104,6443,4,,,
2017,7877106,6443,5,,,
2017,7877108,6443,6,,,
2017,7877111,6443,7,,,
2017,7877113,6443,8,,,
2017,7877114,6443,9,,,
2017,7877116,6443,10,,,
2017,7877118,6443,11,,,
2017,7877121,6443,12,,,
2017,7599610,6434,2,,,
2017,7471120,6497,1,,,
2017,7496103,6497,2,,,
2017,7524164,6497,3,,,
2017,7601454,25332,1,,,
2017,7601461,25332,2,,,
2017,7601466,25332,3,,,
2017,7601450,25332,4,,,
2017,7601451,25332,5,,,
2017,7690600,25332,6,,,
2017,7661525,25332,7,,,
2017,7661527,25332,8,,,
2017,7690599,25332,9,,,
2017,7718228,25332,12,,,
2017,7876932,25918,1,,,
2017,7876935,25918,2,,,
2017,7576502,25918,3,,,
2017,7876940,25918,4,,,
2017,7876943,25918,6,,,
2017,7601460,25918,7,,,
2017,7927242,25918,9,,,
2017,7996096,25918,11,,,
2017,7472805,6442,1,,,
2017,7497410,6442,2,,,
2017,7525601,6442,3,,,
2017,7576495,6442,4,,,
2017,7601438,6442,5,,,
2017,7601440,6442,6,,,
2017,7601435,6442,7,,,
2017,7608985,6442,8,,,
2017,7634417,6442,9,,,
2017,7661524,6442,10,,,
2017,7690598,6442,11,,,
2017,7718226,6442,12,,,
2017,7472717,6391,1,,,
2017,7497307,6391,2,,,
2017,7471119,6498,1,,,
2017,7496100,6498,2,,,
2017,7524167,6498,3,,,
2017,7576057,6498,4,,,
2017,7471632,6169,1,,,
2017,7472705,6370,1,,,
2017,7497294,6370,2,,,
2017,7525324,6370,3,,,
2017,7576386,6370,4,,,
2017,7599412,6370,5,,,
2017,7497389,6423,1,,,
2017,7576473,6423,2,,,
2017,7661506,6423,3,,,
2017,7576470,6423,4,,,
2017,7717073,6423,5,,,
2017,7472781,6490,1,,,
2017,7497375,6490,2,,,
2017,7525571,6490,3,,,
2017,7576459,6490,4,,,
2017,7601344,6490,5,,,
2017,7601345,6490,6,,,
2017,7601343,6490,7,,,
2017,7634401,6490,8,,,
2017,7661517,6490,9,,,
2017,7690596,6490,10,,,
2017,7717081,6490,11,,,
2017,7717079,6490,12,,,
2017,7599602,6432,1,,,
2017,7525546,6432,2,,,
2017,7927089,6432,3,,,
2017,7599604,6432,4,,,
2017,7599603,6432,5,,,
2017,7716963,6432,6,,,
2017,7599601,6432,7,,,
2017,7608881,6432,8,,,
2017,7927091,6432,9,,,
2017,7877055,6432,10,,,
2017,7836476,6432,11,,,
2017,7716961,6432,12,,,
2017,7877087,6440,1,,,
2017,7877089,6440,2,,,
2017,7877092,6440,3,,,
2017,7877094,6440,4,,,
2017,7877097,6440,5,,,
2017,7877100,6440,6,,,
2017,7877103,6440,7,,,
2017,7633815,6440,8,,,
2017,7877105,6440,10,,,
2017,7716973,6440,11,,,
2017,7716972,6440,12,,,
2017,7599539,6409,5,,,
2017,7599541,6409,6,,,
2017,7599538,6409,7,,,
2017,7633770,6409,8,,,
2017,7633772,6409,9,,,
2017,7661440,6409,10,,,
2017,7690037,6409,11,,,
2017,7716943,6409,12,,,
2017,7717604,6188,11,,,
2017,7717471,6188,12,,,
2017,7877107,6444,8,,,
2017,7634411,6444,9,,,
2017,7877110,6444,11,,,
2017,7877112,6444,12,,,
2017,7576433,6434,3,,,
2017,7716966,6434,5,,,
2017,7716965,6434,6,,,
2017,7599611,6434,7,,,
2017,7661463,6434,8,,,
2017,7716968,6434,10,,,
2017,7716970,6434,11,,,
2017,7716964,6434,12,,,
2017,7576052,6497,4,,,
2017,7597202,6497,5,,,
2017,7660692,6497,6,,,
2017,7597182,6497,7,,,
2017,7608089,6497,8,,,
2017,7660693,6497,9,,,
2017,7835030,6497,10,,,
2017,7835033,6497,11,,,
2017,7835034,6497,12,,,
2017,7525341,6391,3,,,
2017,7576400,6391,4,,,
2017,7599447,6391,5,,,
2017,7599448,6391,6,,,
2017,7599446,6391,7,,,
2017,7608632,6391,8,,,
2017,7633744,6391,9,,,
2017,7597214,6498,5,,,
2017,7597216,6498,6,,,
2017,7597185,6498,7,,,
2017,7608224,6498,8,,,
2017,7633073,6498,9,,,
2017,7660725,6498,10,,,
2017,7689773,6498,11,,,
2017,7716307,6498,12,,,
2017,7496575,6169,2,,,
2017,7576166,6169,3,,,
2017,7576167,6169,4,,,
2017,7597489,6169,5,,,
2017,7597488,6169,7,,,
2017,7633105,6169,8,,,
2017,7599415,6370,6,,,
2017,7599402,6370,7,,,
2017,7608621,6370,8,,,
2017,7633732,6370,9,,,
2017,7660876,6370,10,,,
2017,7689885,6370,11,,,
2017,7717071,6423,6,,,
2017,7601363,6423,7,,,
2017,7955150,6423,8,,,
2017,7927172,6423,9,,,
2017,7717074,6423,10,,,
2017,7836558,6423,11,,,
2017,7717070,6423,12,,,
2017,7716830,6370,12,,,
2017,7660905,6391,10,,,
2017,7689894,6391,11,,,
2017,7716861,6391,12,,,
2017,7496579,6175,2,,,
2017,7524222,6175,3,,,
2017,7576170,6175,4,,,
2017,7597505,6175,5,,,
2017,7597508,6175,6,,,
2017,7597498,6175,7,,,
2017,7608454,6175,8,,,
2017,7633111,6175,9,,,
2017,7660758,6175,10,,,
2017,7689807,6175,11,,,
2017,7716479,6175,12,,,
2017,7472121,6288,1,,,
2017,7497248,6288,2,,,
2017,7525277,6288,3,,,
2017,7576271,6288,4,,,
2017,7599146,6288,5,,,
2017,7599147,6288,6,,,
2017,7599132,6288,7,,,
2017,7608503,6288,8,,,
2017,7660820,6288,9,,,
2017,7663623,6288,10,,,
2017,7835652,6288,11,,,
2017,7835653,6288,12,,,
2017,7599388,6359,1,,,
2017,7576379,6359,2,,,
2017,7576380,6359,3,,,
2017,7599381,6359,4,,,
2017,7599387,6359,5,,,
2017,7716814,6359,6,,,
2017,7599378,6359,7,,,
2017,7633721,6359,8,,,
2017,7689883,6359,9,,,
2017,7716815,6359,10,,,
2017,7716816,6359,11,,,
2017,7716810,6359,12,,,
2017,7497242,6276,1,,,
2017,7525274,6276,2,,,
2017,7576257,6276,3,,,
2017,7577708,6276,4,,,
2017,7599116,6276,5,,,
2017,7599117,6276,6,,,
2017,7599111,6276,7,,,
2017,7716609,6276,8,,,
2017,7716611,6276,9,,,
2017,7716612,6276,10,,,
2017,7925828,6276,11,,,
2017,7716610,6276,12,,,
2017,7471761,6277,1,,,
2017,7497241,6277,2,,,
2017,7525271,6277,3,,,
2017,7576256,6277,4,,,
2017,7599121,6277,5,,,
2017,7599122,6277,6,,,
2017,7599114,6277,7,,,
2017,7608500,6277,8,,,
2017,7633238,6277,9,,,
2017,7689865,6277,10,,,
2017,7716621,6277,11,,,
2017,7716619,6277,12,,,
2017,7471132,6082,1,,,
2017,7496219,6082,2,,,
2017,7524174,6082,3,,,
2017,7576104,6082,4,,,
2017,7597277,6082,5,,,
2017,7597278,6082,6,,,
2017,7597271,6082,7,,,
2017,7608099,6082,8,,,
2017,7633054,6082,9,,,
2017,7689766,6082,10,,,
2017,7716304,6082,11,,,
2017,7716301,6082,12,,,
2017,7472694,6342,1,,,
2017,7497284,6342,2,,,
2017,7525312,6342,3,,,
2017,7576371,6342,4,,,
2017,7608596,6342,5,,,
2017,7599350,6342,6,,,
2017,7599345,6342,7,,,
2017,7608593,6342,8,,,
2017,7660867,6342,9,,,
2017,7716781,6342,10,,,
2017,7716782,6342,11,,,
2017,7716777,6342,12,,,
2017,7472779,6487,1,,,
2017,7497372,6487,2,,,
2017,7525569,6487,3,,,
2017,7576457,6487,4,,,
2017,7996049,6487,5,,,
2017,7927149,6487,6,,,
2017,7601337,6487,7,,,
2017,7955131,6487,8,,,
2017,7927144,6487,9,,,
2017,7927145,6487,10,,,
2017,7927146,6487,11,,,
2017,7927147,6487,12,,,
2017,7497287,6335,1,,,
2017,7497288,6335,2,,,
2017,7525306,6335,3,,,
2017,7599336,6335,4,,,
2017,7599338,6335,5,,,
2017,7599341,6335,6,,,
2017,7599315,6335,7,,,
2017,7608588,6335,8,,,
2017,7660863,6335,9,,,
2017,7689881,6335,10,,,
2017,7716722,6335,11,,,
2017,7716719,6335,12,,,
2017,7471865,6278,1,,,
2017,7497243,6278,2,,,
2017,7525272,6278,3,,,
2017,7576258,6278,4,,,
2017,7599119,6278,5,,,
2017,7599120,6278,6,,,
2017,7599115,6278,7,,,
2017,7608499,6278,8,,,
2017,7633682,6278,9,,,
2017,7660818,6278,10,,,
2017,7689866,6278,11,,,
2017,7716622,6278,12,,,
2017,7471664,6243,1,,,
2017,7496608,6243,2,,,
2017,7524268,6243,3,,,
2017,7576207,6243,4,,,
2017,7598975,6243,7,,,
2017,7472735,6418,1,,,
2017,7497333,6418,2,,,
2017,7525365,6418,3,,,
2017,7576427,6418,4,,,
2017,7599594,6418,5,,,
2017,7599596,6418,6,,,
2017,7599587,6418,7,,,
2017,7608869,6418,8,,,
2017,7633814,6418,9,,,
2017,7661438,6418,10,,,
2017,7690325,6418,11,,,
2017,7716944,6418,12,,,
2017,7471144,6100,1,,,
2017,7496542,6100,2,,,
2017,7524186,6100,3,,,
2017,7576125,6100,4,,,
2017,7597310,6100,5,,,
2017,7597311,6100,6,,,
2017,7597309,6100,7,,,
2017,7633084,6100,8,,,
2017,7660718,6100,9,,,
2017,7689771,6100,10,,,
2017,7716342,6100,11,,,
2017,7716339,6100,12,,,
2017,7472684,6322,1,,,
2017,7497272,6322,2,,,
2017,7525295,6322,3,,,
2017,7576299,6322,4,,,
2017,7599273,6322,5,,,
2017,7599274,6322,6,,,
2017,7599268,6322,7,,,
2017,7608585,6322,8,,,
2017,7633700,6322,9,,,
2017,7660857,6322,10,,,
2017,7689879,6322,11,,,
2017,7716682,6322,12,,,
2017,7472693,6341,1,,,
2017,7497286,6341,2,,,
2017,7525310,6341,3,,,
2017,7576369,6341,4,,,
2017,7599349,6341,5,,,
2017,7599352,6341,6,,,
2017,7599343,6341,7,,,
2017,7608594,6341,8,,,
2017,7660864,6341,9,,,
2017,7926361,6341,10,,,
2017,7836335,6341,11,,,
2017,7926366,6341,12,,,
2017,7472680,6316,1,,,
2017,7497268,6316,2,,,
2017,7525290,6316,3,,,
2017,7576292,6316,4,,,
2017,7599260,6316,5,,,
2017,7599265,6316,6,,,
2017,7599252,6316,7,,,
2017,7608568,6316,8,,,
2017,7689874,6316,9,,,
2017,7716663,6316,10,,,
2017,7716664,6316,11,,,
2017,7716661,6316,12,,,
2017,7471140,6092,1,,,
2017,7496227,6092,2,,,
2017,7524183,6092,3,,,
2017,7576114,6092,4,,,
2017,7924687,6092,5,,,
2017,7924688,6092,6,,,
2017,7496549,6111,1,,,
2017,7524194,6111,2,,,
2017,7576140,6111,3,,,
2017,7576132,6111,4,,,
2017,7597340,6111,5,,,
2017,7597341,6111,6,,,
2017,7597325,6111,7,,,
2017,7608207,6111,8,,,
2017,7633089,6111,9,,,
2017,7689772,6111,10,,,
2017,7716374,6111,11,,,
2017,7716373,6111,12,,,
2017,7497301,6380,1,,,
2017,7497300,6380,2,,,
2017,7525330,6380,3,,,
2017,7576394,6380,4,,,
2017,7599424,6380,5,,,
2017,7599425,6380,6,,,
2017,7599423,6380,7,,,
2017,7608625,6380,8,,,
2017,7660887,6380,9,,,
2017,7660888,6380,10,,,
2017,7689888,6380,11,,,
2017,7716838,6380,12,,,
2017,7472677,6312,1,,,
2017,7497264,6312,2,,,
2017,7525287,6312,3,,,
2017,7576289,6312,4,,,
2017,7599236,6312,7,,,
2017,7472793,6199,1,,,
2017,7472802,6302,1,,,
2017,7497403,6302,2,,,
2017,7525596,6302,3,,,
2017,7576491,6302,4,,,
2017,7601427,6302,5,,,
2017,7661523,6302,6,,,
2017,7601416,6302,7,,,
2017,7927206,6302,8,,,
2017,7661520,6302,9,,,
2017,7927201,6302,10,,,
2017,7927203,6302,11,,,
2017,7927205,6302,12,,,
2017,7525591,6217,1,,,
2017,7525589,6217,2,,,
2017,7601390,6217,3,,,
2017,7601387,6217,4,,,
2017,7601392,6217,5,,,
2017,7661513,6217,6,,,
2017,7601384,6217,7,,,
2017,7661511,6217,8,,,
2017,7661515,6217,9,,,
2017,7836567,6217,10,,,
2017,7472776,6484,1,,,
2017,7497368,6484,2,,,
2017,7525565,6484,3,,,
2017,7576454,6484,4,,,
2017,7601334,6484,5,,,
2017,7601342,6484,6,,,
2017,7601333,6484,7,,,
2017,7608944,6484,8,,,
2017,7717046,6484,9,,,
2017,7717047,6484,10,,,
2017,7836520,6484,11,,,
2017,7717045,6484,12,,,
2017,7471637,6179,1,,,
2017,7496581,6179,2,,,
2017,7524225,6179,3,,,
2017,7576173,6179,4,,,
2017,7598654,6179,5,,,
2017,7598667,6179,6,,,
2017,7597585,6179,7,,,
2017,7608451,6179,8,,,
2017,7608452,6179,9,,,
2017,7689805,6179,10,,,
2017,7716470,6179,11,,,
2017,7716468,6179,12,,,
2017,7471661,6240,1,,,
2017,7496605,6240,2,,,
2017,7524263,6240,3,,,
2017,7576204,6240,4,,,
2017,7598969,6240,5,,,
2017,7598970,6240,6,,,
2017,7598967,6240,7,,,
2017,7633137,6240,8,,,
2017,7689834,6240,9,,,
2017,7689832,6240,10,,,
2017,7689833,6240,11,,,
2017,7925790,6240,12,,,
2017,7599087,6263,1,,,
2017,7496630,6263,2,,,
2017,7599086,6263,3,,,
2017,7599084,6263,4,,,
2017,7608487,6263,5,,,
2017,7608489,6263,6,,,
2017,7599082,6263,7,,,
2017,7608486,6263,8,,,
2017,7660802,6263,9,,,
2017,7835618,6263,10,,,
2017,7835620,6263,11,,,
2017,7716583,6263,12,,,
2017,7471645,6192,1,,,
2017,7524235,6192,2,,,
2017,7576181,6192,3,,,
2017,7576180,6192,4,,,
2017,7598906,6192,5,,,
2017,7598905,6192,6,,,
2017,7598904,6192,7,,,
2017,7660763,6192,8,,,
2017,7633115,6192,9,,,
2017,7716486,6192,10,,,
2017,7716487,6192,11,,,
2017,7716485,6192,12,,,
2017,7471143,6097,1,,,
2017,7524185,6097,2,,,
2017,7576124,6097,3,,,
2017,7576123,6097,4,,,
2017,7597306,6097,5,,,
2017,7597305,6097,6,,,
2017,7597304,6097,7,,,
2017,7608181,6097,8,,,
2017,7660717,6097,9,,,
2017,7716336,6097,10,,,
2017,7716337,6097,11,,,
2017,7716335,6097,12,,,
2017,7471133,6083,1,,,
2017,7496220,6083,2,,,
2017,7524176,6083,3,,,
2017,7576105,6083,4,,,
2017,7597274,6083,5,,,
2017,7633045,6083,6,,,
2017,7471680,6262,1,,,
2017,7496625,6262,2,,,
2017,7524300,6262,3,,,
2017,7576219,6262,4,,,
2017,7599083,6262,5,,,
2017,7599085,6262,6,,,
2017,7599080,6262,7,,,
2017,7608485,6262,8,,,
2017,7660801,6262,9,,,
2017,7835617,6262,10,,,
2017,7835621,6262,11,,,
2017,7716579,6262,12,,,
2017,7471622,6150,1,,,
2017,7496568,6150,2,,,
2017,7524214,6150,3,,,
2017,7576154,6150,4,,,
2017,7597429,6150,5,,,
2017,7597437,6150,6,,,
2017,7597424,6150,7,,,
2017,7608235,6150,8,,,
2017,7660738,6150,9,,,
2017,7689793,6150,10,,,
2017,7835132,6150,11,,,
2017,7835133,6150,12,,,
2017,7471131,6078,1,,,
2017,7496216,6078,2,,,
2017,7524173,6078,3,,,
2017,7576088,6078,4,,,
2017,7597259,6078,7,,,
2017,7716280,6078,8,,,
2017,7716281,6078,9,,,
2017,7716284,6078,10,,,
2017,7716287,6078,11,,,
2017,7716277,6078,12,,,
2017,7472720,6398,1,,,
2017,7497313,6398,2,,,
2017,7525344,6398,3,,,
2017,7576408,6398,4,,,
2017,7599508,6398,5,,,
2017,7599509,6398,6,,,
2017,7599502,6398,7,,,
2017,7608636,6398,8,,,
2017,7633743,6398,9,,,
2017,7689918,6398,10,,,
2017,7716864,6398,11,,,
2017,7716858,6398,12,,,
2017,7471655,6219,1,,,
2017,7496599,6219,2,,,
2017,7524257,6219,3,,,
2017,7576197,6219,4,,,
2017,7598952,6219,5,,,
2017,7598955,6219,6,,,
2017,7598950,6219,7,,,
2017,7608469,6219,8,,,
2017,7660788,6219,9,,,
2017,7716539,6219,10,,,
2017,7716542,6219,11,,,
2017,7716531,6219,12,,,
2017,7471609,6135,1,,,
2017,7496560,6135,2,,,
2017,7524205,6135,3,,,
2017,7576147,6135,4,,,
2017,7597382,6135,5,,,
2017,7597383,6135,6,,,
2017,7597379,6135,7,,,
2017,7608223,6135,8,,,
2017,7660731,6135,9,,,
2017,7689791,6135,10,,,
2017,7716400,6135,11,,,
2017,7716396,6135,12,,,
2017,7524206,6134,1,,,
2017,7524209,6134,2,,,
2017,7633107,6169,9,,,
2017,7835148,6169,10,,,
2017,7835153,6169,11,,,
2017,7835155,6169,12,,,
2017,7524204,6134,3,,,
2017,7576145,6134,4,,,
2017,7924879,6134,5,,,
2017,7924867,6134,6,,,
2017,7597377,6134,7,,,
2017,7925001,6134,8,,,
2017,7924999,6134,9,,,
2017,7924964,6134,10,,,
2017,7924813,6134,11,,,
2017,7924822,6134,12,,,
2017,7472711,6375,1,,,
2017,7497298,6375,2,,,
2017,7525329,6375,3,,,
2017,7576390,6375,4,,,
2017,7836346,6375,5,,,
2017,7836348,6375,6,,,
2017,7599417,6375,7,,,
2017,7836350,6375,8,,,
2017,7836351,6375,9,,,
2017,7471532,6109,1,,,
2017,7496547,6109,2,,,
2017,7524191,6109,3,,,
2017,7576128,6109,4,,,
2017,7597326,6109,5,,,
2017,7597328,6109,6,,,
2017,7597324,6109,7,,,
2017,7835081,6109,9,,,
2017,7716362,6109,10,,,
2017,7716363,6109,11,,,
2017,7716359,6109,12,,,
2017,7576164,6167,4,,,
2017,7471128,6072,1,,,
2017,7496212,6072,2,,,
2017,7524170,6072,3,,,
2017,7576083,6072,4,,,
2017,7597250,6072,5,,,
2017,7597251,6072,6,,,
2017,7597245,6072,7,,,
2017,7633039,6072,8,,,
2017,7716270,6072,9,,,
2017,7835040,6072,10,,,
2017,7716275,6072,11,,,
2017,7716272,6072,12,,,
2017,7471598,6114,1,,,
2017,7496550,6114,2,,,
2017,7524193,6114,3,,,
2017,7576133,6114,4,,,
2017,7597345,6114,5,,,
2017,7597346,6114,6,,,
2017,7597342,6114,7,,,
2017,7608216,6114,8,,,
2017,7633092,6114,9,,,
2017,7689776,6114,10,,,
2017,7716379,6114,11,,,
2017,7716376,6114,12,,,
2017,7472713,6383,1,,,
2017,7497302,6383,2,,,
2017,7525334,6383,3,,,
2017,7576395,6383,4,,,
2017,7599428,6383,7,,,
2017,7599280,6327,1,,,
2017,7497275,6327,2,,,
2017,7576306,6327,3,,,
2017,7576304,6327,4,,,
2017,7599281,6327,5,,,
2017,7599282,6327,6,,,
2017,7599278,6327,7,,,
2017,7608577,6327,8,,,
2017,7633706,6327,9,,,
2017,7716700,6327,10,,,
2017,7716702,6327,11,,,
2017,7716699,6327,12,,,
2017,7472644,6307,1,,,
2017,7497262,6307,2,,,
2017,7525283,6307,3,,,
2017,7576284,6307,4,,,
2017,7925871,6307,5,,,
2017,7599202,6307,7,,,
2017,7930757,6307,9,,,
2017,7925865,6307,11,,,
2017,7925867,6307,12,,,
2017,7471394,6103,1,,,
2017,7496546,6103,2,,,
2017,7524189,6103,3,,,
2017,7576130,6103,4,,,
2017,7597331,6103,5,,,
2017,7597335,6103,6,,,
2017,7597320,6103,7,,,
2017,7608192,6103,8,,,
2017,7633086,6103,9,,,
2017,7716355,6103,10,,,
2017,7716365,6103,11,,,
2017,7716361,6103,12,,,
2017,7472732,6413,1,,,
2017,7497330,6413,2,,,
2017,7525360,6413,3,,,
2017,7576424,6413,4,,,
2017,7599569,6413,5,,,
2017,7608857,6413,6,,,
2017,7599568,6413,7,,,
2017,7608856,6413,8,,,
2017,7836456,6413,9,,,
2017,7716939,6413,10,,,
2017,7836453,6413,11,,,
2017,7716937,6413,12,,,
2017,7472712,6382,1,,,
2017,7525336,6382,2,,,
2017,7525335,6382,3,,,
2017,7576393,6382,4,,,
2017,7599427,6382,5,,,
2017,7599430,6382,6,,,
2017,7599426,6382,7,,,
2017,7608626,6382,8,,,
2017,7926980,6382,9,,,
2017,7689886,6382,10,,,
2017,7716841,6382,11,,,
2017,7716839,6382,12,,,
2017,7599555,6412,1,,,
2017,7599556,6412,2,,,
2017,7599557,6412,3,,,
2017,7955046,6412,4,,,
2017,7599554,6412,5,,,
2017,7599558,6412,6,,,
2017,7599553,6412,7,,,
2017,7955044,6412,8,,,
2017,7927036,6412,9,,,
2017,7716930,6412,10,,,
2017,7716931,6412,11,,,
2017,7716929,6412,12,,,
2017,7927120,6455,3,,,
2017,7955081,6455,9,,,
2017,7955079,6455,10,,,
2017,7955077,6455,11,,,
2017,7955075,6455,12,,,
2017,7471599,6115,1,,,
2017,7496551,6115,2,,,
2017,7524196,6115,3,,,
2017,7576134,6115,4,,,
2017,7597351,6115,5,,,
2017,7597354,6115,6,,,
2017,7597344,6115,7,,,
2017,7608214,6115,8,,,
2017,7689780,6115,9,,,
2017,7689781,6115,10,,,
2017,7953942,6115,11,,,
2017,7716378,6115,12,,,
2017,7472724,6403,1,,,
2017,7497318,6403,2,,,
2017,7525351,6403,3,,,
2017,7576412,6403,4,,,
2017,7599523,6403,5,,,
2017,7599526,6403,6,,,
2017,7599522,6403,7,,,
2017,7608639,6403,8,,,
2017,7660906,6403,9,,,
2017,7690015,6403,10,,,
2017,7716871,6403,11,,,
2017,7716867,6403,12,,,
2017,7471621,6145,1,,,
2017,7496567,6145,2,,,
2017,7524212,6145,3,,,
2017,7576153,6145,4,,,
2017,7597422,6145,5,,,
2017,7597428,6145,6,,,
2017,7597412,6145,7,,,
2017,7608226,6145,8,,,
2017,7633101,6145,9,,,
2017,7660737,6145,10,,,
2017,7689794,6145,11,,,
2017,7716414,6145,12,,,
2017,7576440,6449,1,,,
2017,7599637,6449,2,,,
2017,7576439,6449,3,,,
2017,7576437,6449,4,,,
2017,7633868,6449,5,,,
2017,7599641,6449,6,,,
2017,7599636,6449,7,,,
2017,7661469,6449,8,,,
2017,7661470,6449,9,,,
2017,7716980,6449,10,,,
2017,7716979,6449,12,,,
2017,7496214,6076,1,,,
2017,7597254,6076,2,,,
2017,7576086,6076,3,,,
2017,7597255,6076,4,,,
2017,7597256,6076,5,,,
2017,7597257,6076,6,,,
2017,7597253,6076,7,,,
2017,7608094,6076,8,,,
2017,7660700,6076,9,,,
2017,7716274,6076,10,,,
2017,7835042,6076,11,,,
2017,7716271,6076,12,,,
2017,7576401,6392,1,,,
2017,7576402,6392,2,,,
2017,7525342,6392,3,,,
2017,7576404,6392,4,,,
2017,7599492,6392,5,,,
2017,7633741,6392,6,,,
2017,7599490,6392,7,,,
2017,7608630,6392,8,,,
2017,7926986,6392,9,,,
2017,7716853,6392,10,,,
2017,7836347,6392,11,,,
2017,7716848,6392,12,,,
2017,7716825,6364,3,,,
2017,7599389,6364,4,,,
2017,7716824,6364,6,,,
2017,7599383,6364,7,,,
2017,7716819,6364,8,,,
2017,7716820,6364,9,,,
2017,7716822,6364,10,,,
2017,7716818,6364,12,,,
2017,7472733,6414,1,,,
2017,7497331,6414,2,,,
2017,7525362,6414,3,,,
2017,7576425,6414,4,,,
2017,7599579,6414,5,,,
2017,7599580,6414,6,,,
2017,7599574,6414,7,,,
2017,7608859,6414,8,,,
2017,7633784,6414,9,,,
2017,7661435,6414,10,,,
2017,7716949,6414,11,,,
2017,7716948,6414,12,,,
2017,7472750,6448,1,,,
2017,7497343,6448,2,,,
2017,7525547,6448,3,,,
2017,7576436,6448,4,,,
2017,7608915,6448,5,,,
2017,7608916,6448,6,,,
2017,7599617,6448,7,,,
2017,7608914,6448,8,,,
2017,7690555,6448,9,,,
2017,7690554,6448,10,,,
2017,7690553,6448,11,,,
2017,7716981,6448,12,,,
2017,7472797,6252,1,,,
2017,7497401,6252,2,,,
2017,7525587,6252,3,,,
2017,7576488,6252,4,,,
2017,8362587,6252,5,,,
2017,8368926,6252,6,,,
2017,7601410,6252,7,,,
2017,8369590,6252,8,,,
2017,8364412,6252,9,,,
2017,8364413,6252,10,,,
2017,8369594,6252,11,,,
2017,8368930,6252,12,,,
2017,7716688,6324,1,,,
2017,7716685,6324,2,,,
2017,7716684,6324,3,,,
2017,7716686,6324,4,,,
2017,7716689,6324,5,,,
2017,7716690,6324,6,,,
2017,7716691,6324,7,,,
2017,7836319,6324,8,,,
2017,7836320,6324,9,,,
2017,7836321,6324,10,,,
2017,7836322,6324,11,,,
2017,7716687,6324,12,,,
2017,7472685,6325,1,,,
2017,7497273,6325,2,,,
2017,7525297,6325,3,,,
2017,7576301,6325,4,,,
2017,7599276,6325,5,,,
2017,7633704,6325,6,,,
2017,7599275,6325,7,,,
2017,7633705,6325,8,,,
2017,7689878,6325,9,,,
2017,7716693,6325,10,,,
2017,7716695,6325,11,,,
2017,7716692,6325,12,,,
2017,7471629,6163,1,,,
2017,7978314,6296,1,,,
2017,7472700,6358,1,,,
2017,7497290,6358,2,,,
2017,7525321,6358,3,,,
2017,7576378,6358,4,,,
2017,7599395,6358,5,,,
2017,7599399,6358,6,,,
2017,7599379,6358,7,,,
2017,7608628,6358,8,,,
2017,7660881,6358,9,,,
2017,7716845,6358,10,,,
2017,7716849,6358,11,,,
2017,7716846,6358,12,,,
2017,7471597,6110,1,,,
2017,7496548,6110,2,,,
2017,7524192,6110,3,,,
2017,7576131,6110,4,,,
2017,7597333,6110,5,,,
2017,7597337,6110,6,,,
2017,7597323,6110,7,,,
2017,7633091,6110,8,,,
2017,7633093,6110,9,,,
2017,7689774,6110,10,,,
2017,7716368,6110,11,,,
2017,7716372,6110,12,,,
2017,7576162,6160,1,,,
2017,7576161,6160,2,,,
2017,7576165,6160,3,,,
2017,7576159,6160,4,,,
2017,7633103,6160,5,,,
2017,7608240,6160,6,,,
2017,7597475,6160,7,,,
2017,7608239,6160,8,,,
2017,7660742,6160,9,,,
2017,7925713,6160,10,,,
2017,7835143,6160,11,,,
2017,7925712,6160,12,,,
2017,7496583,6177,1,,,
2017,7524224,6177,2,,,
2017,7524226,6177,3,,,
2017,7576172,6177,4,,,
2017,7597507,6177,5,,,
2017,7597512,6177,6,,,
2017,7597506,6177,7,,,
2017,7608448,6177,8,,,
2017,7660751,6177,9,,,
2017,7689803,6177,10,,,
2017,7716466,6177,11,,,
2017,7716464,6177,12,,,
2017,7599258,6318,1,,,
2017,7525292,6318,2,,,
2017,7576302,6318,3,,,
2017,7576293,6318,4,,,
2017,7599261,6318,5,,,
2017,7633694,6318,6,,,
2017,7599255,6318,7,,,
2017,7633695,6318,8,,,
2017,7660847,6318,9,,,
2017,7716668,6318,10,,,
2017,7836314,6318,11,,,
2017,7716666,6318,12,,,
2017,7471684,6268,1,,,
2017,7497235,6268,2,,,
2017,7525267,6268,3,,,
2017,7576251,6268,4,,,
2017,7599099,6268,5,,,
2017,7599100,6268,6,,,
2017,7599097,6268,7,,,
2017,7608491,6268,8,,,
2017,7689854,6268,9,,,
2017,7716596,6268,10,,,
2017,7716592,6268,11,,,
2017,7716593,6268,12,,,
2017,7472780,6489,1,,,
2017,7497374,6489,2,,,
2017,7525570,6489,3,,,
2017,7576458,6489,4,,,
2017,7601355,6489,5,,,
2017,7601356,6489,6,,,
2017,7601341,6489,7,,,
2017,7608955,6489,8,,,
2017,7634396,6489,9,,,
2017,7661505,6489,10,,,
2017,7690583,6489,11,,,
2017,7717051,6489,12,,,
2017,7471121,6065,1,,,
2017,7496097,6065,2,,,
2017,7524169,6065,3,,,
2017,7576079,6065,4,,,
2017,7597236,6065,5,,,
2017,7597237,6065,6,,,
2017,7597232,6065,7,,,
2017,7633038,6065,8,,,
2017,7716261,6065,9,,,
2017,7716264,6065,10,,,
2017,7716266,6065,11,,,
2017,7716262,6065,12,,,
2017,7472663,6294,1,,,
2017,7497253,6294,2,,,
2017,7525281,6294,3,,,
2017,7576281,6294,4,,,
2017,7599189,6294,5,,,
2017,7599190,6294,6,,,
2017,7599187,6294,7,,,
2017,7608519,6294,8,,,
2017,7633688,6294,9,,,
2017,7660839,6294,10,,,
2017,7689871,6294,11,,,
2017,7716632,6294,12,,,
2017,7876971,6238,1,,,
2017,7835257,6238,12,,,
2017,7472800,6301,1,,,
2017,7497402,6301,2,,,
2017,7525595,6301,3,,,
2017,7576492,6301,4,,,
2017,7601426,6301,5,,,
2017,7601430,6301,6,,,
2017,7601415,6301,7,,,
2017,7718205,6301,8,,,
2017,7690597,6301,9,,,
2017,7927209,6301,10,,,
2017,7836583,6301,11,,,
2017,7718201,6301,12,,,
2017,7472703,6363,1,,,
2017,7599394,6363,2,,,
2017,7576382,6363,3,,,
2017,7576385,6363,4,,,
2017,7599391,6363,5,,,
2017,7599397,6363,6,,,
2017,7599382,6363,7,,,
2017,7608620,6363,8,,,
2017,7660875,6363,9,,,
2017,7716821,6363,10,,,
2017,7716823,6363,11,,,
2017,7716817,6363,12,,,
2017,7472719,6397,1,,,
2017,7497312,6397,2,,,
2017,7525346,6397,3,,,
2017,7576407,6397,4,,,
2017,7599501,6397,5,,,
2017,7608637,6397,6,,,
2017,7599500,6397,7,,,
2017,7608635,6397,8,,,
2017,7633742,6397,9,,,
2017,7927006,6397,10,,,
2017,7716865,6397,11,,,
2017,7716859,6397,12,,,
2017,7497277,6330,1,,,
2017,7525302,6330,2,,,
2017,7525304,6330,3,,,
2017,7576308,6330,4,,,
2017,7599294,6330,5,,,
2017,7608581,6330,6,,,
2017,7599291,6330,7,,,
2017,7608580,6330,8,,,
2017,7836330,6330,9,,,
2017,7716706,6330,10,,,
2017,7836331,6330,11,,,
2017,7716705,6330,12,,,
2017,7471647,6198,1,,,
2017,7496590,6198,2,,,
2017,7524239,6198,3,,,
2017,7576185,6198,4,,,
2017,7598924,6198,5,,,
2017,7598925,6198,6,,,
2017,7598920,6198,7,,,
2017,7633118,6198,8,,,
2017,7633121,6198,9,,,
2017,7689812,6198,10,,,
2017,7716495,6198,11,,,
2017,7716493,6198,12,,,
2017,7472681,6317,1,,,
2017,7497269,6317,2,,,
2017,7525291,6317,3,,,
2017,7576294,6317,4,,,
2017,7599263,6317,5,,,
2017,7599264,6317,6,,,
2017,7599254,6317,7,,,
2017,7633692,6317,8,,,
2017,7633693,6317,9,,,
2017,7689876,6317,10,,,
2017,7716662,6317,11,,,
2017,7716660,6317,12,,,
2017,7471380,6102,1,,,
2017,7496544,6102,2,,,
2017,7524188,6102,3,,,
2017,7576127,6102,4,,,
2017,7597336,6102,5,,,
2017,7597338,6102,6,,,
2017,7597321,6102,7,,,
2017,7633085,6102,8,,,
2017,7660724,6102,9,,,
2017,7689770,6102,10,,,
2017,7716371,6102,11,,,
2017,7716369,6102,12,,,
2017,7472692,6340,1,,,
2017,7497282,6340,2,,,
2017,7525307,6340,3,,,
2017,7576370,6340,4,,,
2017,7599342,6340,5,,,
2017,7599344,6340,6,,,
2017,7599332,6340,7,,,
2017,7608592,6340,8,,,
2017,7633716,6340,9,,,
2017,7716775,6340,10,,,
2017,7716776,6340,11,,,
2017,7716774,6340,12,,,
2017,7601331,6483,1,,,
2017,7525566,6483,2,,,
2017,7601329,6483,3,,,
2017,7601330,6483,4,,,
2017,7601332,6483,5,,,
2017,7608943,6483,6,,,
2017,7601328,6483,7,,,
2017,7608942,6483,8,,,
2017,7690578,6483,9,,,
2017,7690577,6483,10,,,
2017,7836514,6483,11,,,
2017,7717040,6483,12,,,
2017,7472788,6381,1,,,
2017,7497388,6381,2,,,
2017,7525578,6381,3,,,
2017,7576471,6381,4,,,
2017,7601366,6381,5,,,
2017,7604349,6381,6,,,
2017,7601364,6381,7,,,
2017,7608957,6381,8,,,
2017,7690586,6381,9,,,
2017,7717080,6381,10,,,
2017,7717082,6381,11,,,
2017,7717075,6381,12,,,
2017,7472771,6471,1,,,
2017,7497364,6471,2,,,
2017,7525560,6471,3,,,
2017,7497346,6457,1,,,
2017,7525553,6457,2,,,
2017,7576438,6457,3,,,
2017,7599642,6457,4,,,
2017,7599646,6457,5,,,
2017,7599644,6457,7,,,
2017,7608910,6457,8,,,
2017,7716989,6457,9,,,
2017,7716992,6457,10,,,
2017,7716996,6457,11,,,
2017,7716987,6457,12,,,
2017,7472794,6213,1,,,
2017,7525583,6213,2,,,
2017,7576484,6213,3,,,
2017,7601385,6213,4,,,
2017,7601396,6213,5,,,
2017,7601400,6213,6,,,
2017,7601378,6213,7,,,
2017,7608972,6213,8,,,
2017,7661516,6213,9,,,
2017,7718168,6213,10,,,
2017,7718169,6213,11,,,
2017,7718167,6213,12,,,
2017,7472675,6308,1,,,
2017,7525284,6308,2,,,
2017,7525286,6308,3,,,
2017,7599244,6308,4,,,
2017,7599242,6308,5,,,
2017,7599245,6308,6,,,
2017,7599233,6308,7,,,
2017,7608535,6308,8,,,
2017,7660841,6308,9,,,
2017,7693029,6308,10,,,
2017,7716647,6308,11,,,
2017,7716644,6308,12,,,
2017,7471145,6101,1,,,
2017,7496543,6101,2,,,
2017,7524187,6101,3,,,
2017,7576126,6101,4,,,
2017,7597317,6101,5,,,
2017,7597318,6101,6,,,
2017,7597314,6101,7,,,
2017,7633083,6101,8,,,
2017,7660723,6101,9,,,
2017,7716350,6101,10,,,
2017,7716351,6101,11,,,
2017,7716348,6101,12,,,
2017,7471673,6250,1,,,
2017,7496614,6250,2,,,
2017,7524285,6250,3,,,
2017,7576213,6250,4,,,
2017,7599003,6250,5,,,
2017,7599004,6250,6,,,
2017,7599001,6250,7,,,
2017,7608480,6250,8,,,
2017,7633188,6250,9,,,
2017,7660799,6250,10,,,
2017,7689847,6250,11,,,
2017,7716571,6250,12,,,
2017,7471658,6224,1,,,
2017,7496602,6224,2,,,
2017,7524260,6224,3,,,
2017,7576201,6224,4,,,
2017,7598960,6224,5,,,
2017,7598964,6224,6,,,
2017,7598957,6224,7,,,
2017,7608472,6224,8,,,
2017,7716545,6224,9,,,
2017,7689823,6224,10,,,
2017,7716546,6224,11,,,
2017,7716543,6224,12,,,
2017,7472095,6287,1,,,
2017,7497246,6287,2,,,
2017,7525276,6287,3,,,
2017,7576268,6287,4,,,
2017,7599133,6287,5,,,
2017,7599134,6287,6,,,
2017,7599131,6287,7,,,
2017,7716631,6287,8,,,
2017,7925849,6287,9,,,
2017,7925850,6287,10,,,
2017,7925851,6287,11,,,
2017,7716630,6287,12,,,
2017,7471657,6222,1,,,
2017,7496600,6222,2,,,
2017,7524258,6222,3,,,
2017,7576199,6222,4,,,
2017,7598953,6222,5,,,
2017,7608471,6222,6,,,
2017,7598951,6222,7,,,
2017,7716535,6222,8,,,
2017,7925787,6222,9,,,
2017,7716538,6222,10,,,
2017,7716536,6222,11,,,
2017,7716534,6222,12,,,
2017,7496688,6265,1,,,
2017,7524302,6265,2,,,
2017,7576221,6265,3,,,
2017,7599090,6265,4,,,
2017,7599091,6265,5,,,
2017,7471600,6118,1,,,
2017,7496552,6118,2,,,
2017,7524195,6118,3,,,
2017,7576135,6118,4,,,
2017,8368749,6118,5,,,
2017,8362309,6118,6,,,
2017,7597343,6118,7,,,
2017,7608217,6118,8,,,
2017,8362311,6118,9,,,
2017,8368745,6118,10,,,
2017,8368750,6118,12,,,
2017,7471889,6279,1,,,
2017,7497244,6279,2,,,
2017,7525273,6279,3,,,
2017,7576262,6279,4,,,
2017,7716628,6279,5,,,
2017,7716626,6279,6,,,
2017,7599118,6279,7,,,
2017,7472699,6357,1,,,
2017,7497291,6357,2,,,
2017,7525319,6357,3,,,
2017,7576377,6357,4,,,
2017,7599386,6357,5,,,
2017,7599396,6357,6,,,
2017,7599377,6357,7,,,
2017,7608619,6357,8,,,
2017,7926968,6357,9,,,
2017,7716813,6357,10,,,
2017,7716812,6357,11,,,
2017,7716808,6357,12,,,
2017,7472695,6343,1,,,
2017,7497283,6343,2,,,
2017,7525313,6343,3,,,
2017,7576372,6343,4,,,
2017,7599356,6343,5,,,
2017,7599357,6343,6,,,
2017,7599346,6343,7,,,
2017,7608595,6343,8,,,
2017,7633720,6343,9,,,
2017,7660872,6343,10,,,
2017,7689882,6343,11,,,
2017,7716778,6343,12,,,
2017,7472697,6351,1,,,
2017,7497289,6351,2,,,
2017,7525316,6351,3,,,
2017,7576376,6351,4,,,
2017,7599366,6351,5,,,
2017,7633718,6351,6,,,
2017,7599365,6351,7,,,
2017,7716809,6351,8,,,
2017,7716807,6351,9,,,
2017,7716811,6351,10,,,
2017,7836338,6351,11,,,
2017,7716806,6351,12,,,
2017,7497308,6393,1,,,
2017,7877036,6393,2,,,
2017,7576403,6393,3,,,
2017,7599493,6393,4,,,
2017,7599495,6393,5,,,
2017,7599496,6393,6,,,
2017,7599491,6393,7,,,
2017,7633740,6393,8,,,
2017,7716850,6393,9,,,
2017,7716855,6393,10,,,
2017,7716854,6393,12,,,
2017,7525585,6215,1,,,
2017,7525586,6215,2,,,
2017,7601388,6215,3,,,
2017,7601399,6215,4,,,
2017,7601395,6215,5,,,
2017,7601381,6215,7,,,
2017,7608975,6215,8,,,
2017,7927177,6215,9,,,
2017,7718164,6215,10,,,
2017,7836565,6215,11,,,
2017,7718162,6215,12,,,
2017,7496222,6085,1,,,
2017,7524178,6085,2,,,
2017,7576481,6142,1,,,
2017,7576477,6142,2,,,
2017,7601377,6142,3,,,
2017,7601374,6142,4,,,
2017,7601379,6142,5,,,
2017,7601383,6142,6,,,
2017,7601370,6142,7,,,
2017,7608963,6142,8,,,
2017,7717468,6142,9,,,
2017,7717407,6142,10,,,
2017,7836560,6142,11,,,
2017,7717084,6142,12,,,
2017,7472772,6481,1,,,
2017,7497366,6481,2,,,
2017,7525562,6481,3,,,
2017,7576451,6481,4,,,
2017,7601327,6481,5,,,
2017,7634390,6481,6,,,
2017,7601322,6481,7,,,
2017,7634391,6481,8,,,
2017,7634392,6481,9,,,
2017,7717037,6481,10,,,
2017,7717039,6481,11,,,
2017,7471603,6119,1,,,
2017,7496553,6119,2,,,
2017,7524197,6119,3,,,
2017,7576136,6119,4,,,
2017,7597356,6119,5,,,
2017,7597355,6119,6,,,
2017,7597347,6119,7,,,
2017,7608215,6119,8,,,
2017,7633095,6119,9,,,
2017,7660730,6119,10,,,
2017,7689782,6119,11,,,
2017,7716380,6119,12,,,
2017,7472714,6384,1,,,
2017,7497303,6384,2,,,
2017,7525337,6384,3,,,
2017,7576397,6384,4,,,
2017,7599442,6384,5,,,
2017,7599443,6384,6,,,
2017,7599440,6384,7,,,
2017,7633738,6384,8,,,
2017,7954987,6384,9,,,
2017,7471125,6060,1,,,
2017,7496119,6060,2,,,
2017,7524162,6060,3,,,
2017,7576077,6060,4,,,
2017,7597228,6060,5,,,
2017,7597229,6060,6,,,
2017,7597226,6060,7,,,
2017,7608092,6060,8,,,
2017,7633037,6060,9,,,
2017,7689598,6060,10,,,
2017,7716258,6060,11,,,
2017,7716257,6060,12,,,
2017,7472682,6319,1,,,
2017,7497270,6319,2,,,
2017,7525293,6319,3,,,
2017,7576295,6319,4,,,
2017,7599267,6319,5,,,
2017,7599269,6319,6,,,
2017,7599256,6319,7,,,
2017,7689877,6319,8,,,
2017,7925884,6319,9,,,
2017,7716673,6319,10,,,
2017,7716676,6319,11,,,
2017,7716672,6319,12,,,
2017,7497274,6326,1,,,
2017,7576303,6326,2,,,
2017,7525298,6326,3,,,
2017,7576305,6326,4,,,
2017,7599279,6326,5,,,
2017,7608575,6326,6,,,
2017,7599277,6326,7,,,
2017,7608574,6326,8,,,
2017,7660852,6326,9,,,
2017,7716697,6326,10,,,
2017,7716698,6326,11,,,
2017,7716696,6326,12,,,
2017,7471122,6066,1,,,
2017,7496138,6066,2,,,
2017,7524163,6066,3,,,
2017,7576080,6066,4,,,
2017,7597241,6066,5,,,
2017,7597242,6066,6,,,
2017,7597238,6066,7,,,
2017,7689599,6066,8,,,
2017,7660697,6066,9,,,
2017,7716260,6066,10,,,
2017,7835039,6066,11,,,
2017,7716263,6066,12,,,
2017,7472718,6395,1,,,
2017,7497311,6395,2,,,
2017,7525343,6395,3,,,
2017,7576406,6395,4,,,
2017,7599507,6395,5,,,
2017,7525554,6463,1,,,
2017,7497408,6372,1,,,
2017,7601432,6372,2,,,
2017,7601421,6372,3,,,
2017,7601436,6372,4,,,
2017,7601433,6372,5,,,
2017,7601439,6372,6,,,
2017,7601419,6372,7,,,
2017,7608982,6372,8,,,
2017,7927207,6372,9,,,
2017,7718211,6372,10,,,
2017,7836576,6372,11,,,
2017,7718206,6372,12,,,
2017,8364143,6231,4,,,
2017,8362373,6231,7,,,
2017,8362372,6231,10,,,
2017,8364140,6231,12,,,
2017,7955209,6366,1,,,
2017,7927227,6366,2,,,
2017,7927230,6366,3,,,
2017,7877022,6366,4,,,
2017,7877024,6366,5,,,
2017,7955183,6366,8,,,
2017,7955181,6366,10,,,
2017,7497384,6233,1,,,
2017,7525576,6233,2,,,
2017,7876953,6233,3,,,
2017,7601359,6233,4,,,
2017,7601358,6233,5,,,
2017,7690582,6233,6,,,
2017,7601357,6233,7,,,
2017,7876959,6233,8,,,
2017,7876963,6233,9,,,
2017,7876966,6233,10,,,
2017,7876969,6233,11,,,
2017,7927164,6233,12,,,
2017,7925007,6140,1,,,
2017,7925006,6140,2,,,
2017,7660734,6140,3,,,
2017,7576148,6140,4,,,
2017,7925005,6140,5,,,
2017,7716402,6140,6,,,
2017,7716403,6140,7,,,
2017,7660732,6140,8,,,
2017,7660733,6140,9,,,
2017,7925002,6140,10,,,
2017,7925003,6140,11,,,
2017,7716401,6140,12,,,
2017,7927211,6431,8,,,
2017,7877058,6435,1,,,
2017,7877060,6435,2,,,
2017,7877062,6435,3,,,
2017,7877064,6435,4,,,
2017,7877066,6435,5,,,
2017,7877069,6435,6,,,
2017,7877072,6435,7,,,
2017,7877075,6435,8,,,
2017,7877078,6435,9,,,
2017,7877081,6435,10,,,
2017,7877083,6435,11,,,
2017,7877085,6435,12,,,
2017,7876980,6283,4,,,
2017,7876982,6283,5,,,
2017,7876984,6283,6,,,
2017,7876985,6283,7,,,
2017,7471646,6194,1,,,
2017,7524236,6194,2,,,
2017,7598909,6194,4,,,
2017,7598908,6194,5,,,
2017,7598910,6194,6,,,
2017,7598907,6194,7,,,
2017,7633116,6194,8,,,
2017,7633117,6194,9,,,
2017,7716490,6194,10,,,
2017,7716491,6194,11,,,
2017,7716489,6194,12,,,
2017,7497247,6286,1,,,
2017,7497245,6286,2,,,
2017,7599130,6286,3,,,
2017,7925839,6286,4,,,
2017,7925847,6286,5,,,
2017,7599129,6286,6,,,
2017,7599126,6286,7,,,
2017,7633684,6286,8,,,
2017,7689867,6286,9,,,
2017,7716627,6286,10,,,
2017,7716629,6286,11,,,
2017,7716625,6286,12,,,
2017,7876995,6310,1,,,
2017,7876997,6310,3,,,
2017,7876999,6310,4,,,
2017,7877002,6310,7,,,
2017,7877005,6310,8,,,
2017,7877006,6310,9,,,
2017,7877010,6310,10,,,
2017,7877012,6310,11,,,
2017,7927160,6297,5,,,
2017,7876842,6063,1,,,
2017,7876848,6063,2,,,
2017,7876854,6063,3,,,
2017,7876861,6063,4,,,
2017,7876867,6063,5,,,
2017,7876841,25834,1,,,
2017,7876851,25834,2,,,
2017,7876855,25834,7,,,
2017,7876862,25834,9,,,
2017,7876870,25834,11,,,
2017,7471651,6207,1,,,
2017,7496594,6207,2,,,
2017,7524251,6207,3,,,
2017,7576192,6207,4,,,
2017,7598937,6207,5,,,
2017,7660784,6207,6,,,
2017,7598936,6207,7,,,
2017,7608464,6207,8,,,
2017,7716516,6207,9,,,
2017,7716515,6207,10,,,
2017,7835228,6207,11,,,
2017,7716514,6207,12,,,
2017,7926972,6378,1,,,
2017,7601444,6453,1,,,
2017,7472782,6232,1,,,
2017,7497378,6232,2,,,
2017,7525572,6232,3,,,
2017,7576462,6232,4,,,
2017,7601347,6232,5,,,
2017,7690579,6232,6,,,
2017,7601346,6232,7,,,
2017,7717059,6232,8,,,
2017,7717060,6232,9,,,
2017,7717061,6232,10,,,
2017,7717062,6232,11,,,
2017,7717058,6232,12,,,
2017,7877011,6348,1,,,
2017,7599361,6348,2,,,
2017,7877015,6348,3,,,
2017,7877017,6348,4,,,
2017,7877020,6348,5,,,
2017,7877021,6348,6,,,
2017,7877023,6348,7,,,
2017,7877025,6348,8,,,
2017,7877027,6348,9,,,
2017,7877030,6348,10,,,
2017,7472686,6329,1,,,
2017,7497276,6329,2,,,
2017,7525299,6329,3,,,
2017,7576307,6329,4,,,
2017,7599289,6329,5,,,
2017,7608583,6329,6,,,
2017,7599285,6329,7,,,
2017,7608582,6329,8,,,
2017,7925927,6329,9,,,
2017,7836328,6329,10,,,
2017,7836329,6329,11,,,
2017,7716707,6329,12,,,
2017,7877130,6474,1,,,
2017,7877132,6474,2,,,
2017,7877134,6474,3,,,
2017,7877138,6474,4,,,
2017,7877140,6474,5,,,
2017,7877142,6474,6,,,
2017,7877144,6474,7,,,
2017,7877146,6474,8,,,
2017,7877148,6474,9,,,
2017,7877149,6474,10,,,
2017,7877150,6474,11,,,
2017,7877151,6474,12,,,
2017,7472786,6447,1,,,
2017,7497382,6447,2,,,
2017,7525574,6447,3,,,
2017,7576467,6447,4,,,
2017,7601352,6447,5,,,
2017,7601353,6447,6,,,
2017,7601351,6447,7,,,
2017,7634397,6447,8,,,
2017,7661507,6447,9,,,
2017,7717068,6447,10,,,
2017,7717069,6447,11,,,
2017,7717067,6447,12,,,
2017,7599542,6410,1,,,
2017,7599543,6410,3,,,
2017,7599544,6410,4,,,
2017,7599545,6410,5,,,
2017,7633760,6410,6,,,
2017,7599540,6410,7,,,
2017,7955025,6410,8,,,
2017,7955026,6410,10,,,
2017,7955027,6410,11,,,
2017,7955028,6410,12,,,
2017,7471624,6153,1,,,
2017,7496569,6153,2,,,
2017,7524215,6153,3,,,
2017,7576156,6153,4,,,
2017,7660739,6153,5,,,
2017,7925673,6153,6,,,
2017,7876976,25331,1,,,
2017,7576501,25331,2,,,
2017,7601463,25331,4,,,
2017,7876978,25331,5,,,
2017,7690602,25331,6,,,
2017,7601452,25331,7,,,
2017,7718230,25331,8,,,
2017,7876981,25331,9,,,
2017,7718234,25331,10,,,
2017,7876983,25331,11,,,
2017,7718229,25331,12,,,
2017,7472798,6281,1,,,
2017,7497404,6281,2,,,
2017,7525594,6281,3,,,
2017,7576490,6281,4,,,
2017,7876986,6281,5,,,
2017,7876988,6281,6,,,
2017,7601414,6281,7,,,
2017,7471648,6201,1,,,
2017,7524240,6201,2,,,
2017,7524241,6201,3,,,
2017,7576186,6201,4,,,
2017,7598922,6201,5,,,
2017,7598923,6201,6,,,
2017,7598921,6201,7,,,
2017,7608458,6201,8,,,
2017,7633124,6201,9,,,
2017,7660782,6201,10,,,
2017,7925755,6201,11,,,
2017,7601311,6469,1,,,
2017,7525564,6469,2,,,
2017,7525559,6469,3,,,
2017,7601305,6469,4,,,
2017,7601306,6469,5,,,
2017,7661491,6469,6,,,
2017,7576496,6365,1,,,
2017,7497406,6365,2,,,
2017,7472731,6411,1,,,
2017,7497328,6411,2,,,
2017,7877041,6401,2,,,
2017,7877042,6401,3,,,
2017,7877043,6401,4,,,
2017,7876845,6067,1,,,
2017,7876850,6067,2,,,
2017,7876856,6067,3,,,
2017,7876863,6067,4,,,
2017,7876868,6067,5,,,
2017,7876872,6067,6,,,
2017,7876876,6067,7,,,
2017,7876881,6067,8,,,
2017,7876886,6067,9,,,
2017,7876890,6067,10,,,
2017,7876896,6067,11,,,
2017,7876900,6067,12,,,
2017,7601318,6476,4,,,
2017,7497309,6394,1,,,
2017,7576405,6394,2,,,
2017,7608631,6394,4,,,
2017,7978529,6394,5,,,
2017,7877038,6394,6,,,
2017,7599494,6394,7,,,
2017,7633739,6394,8,,,
2017,7954992,6394,9,,,
2017,7836349,6394,10,,,
2017,7877040,6394,11,,,
2017,7978527,6394,12,,,
2017,8368919,6107,1,,,
2017,7576474,6107,2,,,
2017,7576472,6107,3,,,
2017,8364403,6107,4,,,
2017,8364402,6107,5,,,
2017,7601365,6107,6,,,
2017,8368914,6107,7,,,
2017,8364390,6107,8,,,
2017,8362568,6107,9,,,
2017,8362569,6107,10,,,
2017,8362570,6107,11,,,
2017,8364397,6107,12,,,
2017,7525588,6234,1,,,
2017,7576487,6234,2,,,
2017,7601404,6234,5,,,
2017,7601406,6234,6,,,
2017,7601402,6234,7,,,
2017,7634399,6234,8,,,
2017,7927181,6234,9,,,
2017,7718172,6234,10,,,
2017,7836572,6234,11,,,
2017,7718170,6234,12,,,
2017,7497240,6273,1,,,
2017,7599105,6273,2,,,
2017,7599104,6273,3,,,
2017,7599103,6273,4,,,
2017,7599107,6273,5,,,
2017,7954086,6273,6,,,
2017,7599102,6273,7,,,
2017,7608492,6273,8,,,
2017,7835638,6273,9,,,
2017,7716601,6273,10,,,
2017,7716600,6273,11,,,
2017,7716597,6273,12,,,
2017,7633880,6446,2,,,
2017,7576435,6446,3,,,
2017,7599616,6446,4,,,
2017,7633820,6446,5,,,
2017,7637227,6446,6,,,
2017,7599615,6446,7,,,
2017,7955067,6446,8,,,
2017,7716978,6446,9,,,
2017,7716976,6446,10,,,
2017,7979888,6446,11,,,
2017,7716975,6446,12,,,
2017,7496554,6120,1,,,
2017,7876844,6120,2,,,
2017,7576137,6120,3,,,
2017,7597352,6120,4,,,
2017,7876853,6120,5,,,
2017,7597353,6120,6,,,
2017,7597350,6120,7,,,
2017,7689783,6120,8,,,
2017,7876859,6120,9,,,
2017,7876864,6120,10,,,
2017,7598941,6209,1,,,
2017,7598942,6209,2,,,
2017,7598943,6209,3,,,
2017,7598944,6209,4,,,
2017,7660786,6209,5,,,
2017,7925779,6209,6,,,
2017,7598939,6209,7,,,
2017,7925776,6209,8,,,
2017,7925773,6209,9,,,
2017,7925768,6209,10,,,
2017,7925771,6209,11,,,
2017,8362365,6209,12,,,
2017,7525597,6331,2,,,
2017,7927217,6282,1,,,
2017,7927197,6282,2,,,
2017,7927198,6282,3,,,
2017,7927199,6282,4,,,
2017,7927192,6282,5,,,
2017,7927195,6282,6,,,
2017,7927202,6282,7,,,
2017,7927196,6282,8,,,
2017,7955165,6282,9,,,
2017,7955163,6282,10,,,
2017,7927189,6282,11,,,
2017,7836574,6282,12,,,
2017,7599577,6415,1,,,
2017,7599578,6415,2,,,
2017,7525363,6415,3,,,
2017,7877052,6415,4,,,
2017,7608863,6415,5,,,
2017,7633783,6415,6,,,
2017,7599576,6415,7,,,
2017,7716940,6415,8,,,
2017,7836454,6415,9,,,
2017,7716942,6415,11,,,
2017,7927078,6415,12,,,
2017,7471633,6170,1,,,
2017,7496577,6170,2,,,
2017,7524220,6170,3,,,
2017,7576168,6170,4,,,
2017,7597492,6170,5,,,
2017,7597493,6170,6,,,
2017,7597490,6170,7,,,
2017,7608446,6170,8,,,
2017,7716460,6170,9,,,
2017,7716454,6170,10,,,
2017,7496591,6196,1,,,
2017,7524238,6196,2,,,
2017,7524237,6196,3,,,
2017,7576184,6196,4,,,
2017,7598914,6196,5,,,
2017,7598915,6196,6,,,
2017,7598913,6196,7,,,
2017,7633120,6196,8,,,
2017,7633122,6196,9,,,
2017,7716494,6196,10,,,
2017,7716496,6196,11,,,
2017,7716492,6196,12,,,
2017,7471700,6269,1,,,
2017,7497236,6269,2,,,
2017,7525268,6269,3,,,
2017,7576253,6269,4,,,
2017,7472807,6124,1,,,
2017,7497412,6124,2,,,
2017,7525605,6124,3,,,
2017,7576500,6124,4,,,
2017,7601447,6124,7,,,
2017,7497348,6451,1,,,
2017,7525548,6451,2,,,
2017,7525549,6451,3,,,
2017,7599639,6451,4,,,
2017,7599640,6451,5,,,
2017,7979895,6451,6,,,
2017,7599638,6451,7,,,
2017,7836483,6451,8,,,
2017,7716990,6451,9,,,
2017,7690551,6451,10,,,
2017,7716993,6451,11,,,
2017,7716982,6451,12,,,
2017,7471393,6106,1,,,
2017,7496545,6106,2,,,
2017,7524190,6106,3,,,
2017,7576129,6106,4,,,
2017,7597332,6106,5,,,
2017,7597339,6106,6,,,
2017,7597322,6106,7,,,
2017,7608202,6106,8,,,
2017,7633088,6106,9,,,
2017,7689777,6106,10,,,
2017,7689778,6106,11,,,
2017,7716357,6106,12,,,
2017,7597431,6151,1,,,
2017,7597434,6151,2,,,
2017,7597427,6151,3,,,
2017,7576155,6151,4,,,
2017,7608237,6151,5,,,
2017,7608236,6151,6,,,
2017,7925666,6151,7,,,
2017,7608234,6151,8,,,
2017,7925667,6151,10,,,
2017,7925664,6151,11,,,
2017,7876947,26653,1,,,
2017,7876949,26653,2,,,
2017,7876950,26653,3,,,
2017,7876952,26653,4,,,
2017,7876955,26653,5,,,
2017,7876957,26653,6,,,
2017,7876961,26653,7,,,
2017,7876965,26653,8,,,
2017,7876968,26653,9,,,
2017,7876970,26653,10,,,
2017,7876972,26653,11,,,
2017,7876973,26653,12,,,
2017,7927084,6416,1,,,
2017,7927083,6416,2,,,
2017,7955053,6416,3,,,
2017,7927082,6416,4,,,
2017,7955052,6416,5,,,
2017,7927081,6416,6,,,
2017,7599581,6416,7,,,
2017,7955051,6416,8,,,
2017,7927080,6416,9,,,
2017,7955048,6416,10,,,
2017,7876847,6122,1,,,
2017,7876849,6122,2,,,
2017,7876857,6122,3,,,
2017,7876865,6122,4,,,
2017,7876869,6122,5,,,
2017,7876874,6122,6,,,
2017,7876877,6122,7,,,
2017,7876883,6122,8,,,
2017,7876889,6122,9,,,
2017,7876892,6122,10,,,
2017,7876897,6122,11,,,
2017,7876902,6122,12,,,
2017,7877019,6350,1,,,
2017,7599364,6350,2,,,
2017,7926434,6350,10,,,
2017,7716804,6350,11,,,
2017,7927127,6460,1,,,
2017,7927133,6460,2,,,
2017,7927132,6460,3,,,
2017,7927126,6460,4,,,
2017,7927125,6460,5,,,
2017,7927128,6460,6,,,
2017,7927124,6460,7,,,
2017,7608917,6460,8,,,
2017,7927129,6460,9,,,
2017,7927130,6460,10,,,
2017,7927123,6460,11,,,
2017,7927122,6460,12,,,
2017,7471644,6191,1,,,
2017,7496589,6191,2,,,
2017,7524234,6191,3,,,
2017,7576179,6191,4,,,
2017,7598902,6191,5,,,
2017,7598903,6191,6,,,
2017,7598901,6191,7,,,
2017,7633114,6191,8,,,
2017,7716488,6191,9,,,
2017,7716484,6191,10,,,
2017,7925746,6191,11,,,
2017,7716483,6191,12,,,
2017,7471623,6146,1,,,
2017,7524213,6146,2,,,
2017,7597420,6146,4,,,
2017,7597417,6146,5,,,
2017,7597419,6146,6,,,
2017,7597414,6146,7,,,
2017,7608229,6146,8,,,
2017,7660735,6146,9,,,
2017,7716417,6146,10,,,
2017,7716418,6146,11,,,
2017,7716416,6146,12,,,
2017,7472676,6309,1,,,
2017,7497263,6309,2,,,
2017,7525285,6309,3,,,
2017,7576288,6309,4,,,
2017,7599234,6309,7,,,
2017,7716654,6311,5,,,
2017,7716653,6311,12,,,
2017,7597362,6123,1,,,
2017,7597360,6123,2,,,
2017,7597361,6123,3,,,
2017,7576182,6195,1,,,
2017,7576183,6195,2,,,
2017,7925750,6195,4,,,
2017,7925749,6195,5,,,
2017,7608457,6195,6,,,
2017,7612383,6195,7,,,
2017,7608456,6195,8,,,
2017,7925751,6195,9,,,
2017,8368790,6195,10,,,
2017,8364123,6195,12,,,
2017,7472465,6298,1,,,
2017,7497254,6298,2,,,
2017,7525282,6298,3,,,
2017,7576282,6298,4,,,
2017,7716634,6298,5,,,
2017,7876993,6298,6,,,
2017,7599188,6298,7,,,
2017,7689872,6298,8,,,
2017,7689870,6298,9,,,
2017,7954168,6298,10,,,
2017,7601398,6230,1,,,
2017,7601401,6230,2,,,
2017,7576485,6230,3,,,
2017,7601407,6230,4,,,
2017,7601405,6230,5,,,
2017,7601403,6230,6,,,
2017,7601394,6230,7,,,
2017,7927180,6230,8,,,
2017,7661514,6230,9,,,
2017,7663501,6230,10,,,
2017,7836571,6230,11,,,
2017,7927184,6230,12,,,
2017,7472723,6402,1,,,
2017,7497316,6402,2,,,
2017,7525349,6402,3,,,
2017,7576411,6402,4,,,
2017,7599525,6402,5,,,
2017,7608638,6402,6,,,
2017,7599521,6402,7,,,
2017,7633745,6402,8,,,
2017,7660907,6402,9,,,
2017,7836356,6402,11,,,
2017,7716869,6402,12,,,
2017,7576116,6094,1,,,
2017,7576119,6094,2,,,
2017,7576121,6094,3,,,
2017,7597299,6094,7,,,
2017,7472803,6313,1,,,
2017,7525600,6313,2,,,
2017,7601420,6313,3,,,
2017,7601423,6313,4,,,
2017,7601428,6313,5,,,
2017,7718198,6313,6,,,
2017,7601418,6313,7,,,
2017,7634410,6313,8,,,
2017,7634413,6313,9,,,
2017,7718217,6313,10,,,
2017,7718219,6313,11,,,
2017,7718196,6313,12,,,
2017,7472706,6371,1,,,
2017,7497295,6371,2,,,
2017,7525325,6371,3,,,
2017,7576387,6371,4,,,
2017,7716833,6371,5,,,
2017,7608622,6371,6,,,
2017,7599408,6371,7,,,
2017,7633731,6371,8,,,
2017,7660880,6371,9,,,
2017,7716832,6371,10,,,
2017,7877033,6371,11,,,
2017,7716831,6371,12,,,
2017,7472777,6485,1,,,
2017,7497370,6485,2,,,
2017,7525567,6485,3,,,
2017,7576455,6485,4,,,
2017,7601340,6485,5,,,
2017,7601338,6485,6,,,
2017,7601335,6485,7,,,
2017,7608946,6485,8,,,
2017,7717052,6485,9,,,
2017,7955122,6485,10,,,
2017,7836551,6485,11,,,
2017,7717050,6485,12,,,
2017,7472698,6352,1,,,
2017,7608618,6352,2,,,
2017,7599370,6352,3,,,
2017,7599369,6352,4,,,
2017,7926440,6352,5,,,
2017,7926435,6352,6,,,
2017,7599367,6352,7,,,
2017,7608617,6352,8,,,
2017,7926438,6352,9,,,
2017,7926436,6352,12,,,
2017,7497407,6303,1,,,
2017,7497405,6303,2,,,
2017,7576493,6303,3,,,
2017,7601424,6303,4,,,
2017,7601437,6303,5,,,
2017,7718202,6303,6,,,
2017,7601417,6303,7,,,
2017,7634409,6303,8,,,
2017,7836575,6303,9,,,
2017,7718207,6303,10,,,
2017,7718210,6303,11,,,
2017,7718199,6303,12,,,
2017,7497386,6136,2,,,
2017,7927165,6136,3,,,
2017,7927166,6136,5,,,
2017,7927167,6136,6,,,
2017,7927169,6136,8,,,
2017,7927170,6136,9,,,
2017,7718195,6237,9,,,
2017,7718194,6237,12,,,
2017,7527962,6454,1,,,
2017,7877109,6454,2,,,
2017,7661471,6454,3,,,
2017,7877115,6454,4,,,
2017,7877117,6454,5,,,
2017,7877120,6454,6,,,
2017,7661473,6454,7,,,
2017,7955078,6454,8,,,
2017,7927115,6454,9,,,
2017,7877123,6454,12,,,
2017,7496561,6133,1,,,
2017,7524203,6133,2,,,
2017,7576146,6133,3,,,
2017,7576144,6133,4,,,
2017,7597380,6133,5,,,
2017,7597381,6133,6,,,
2017,7597378,6133,7,,,
2017,7608218,6133,8,,,
2017,7716395,6133,9,,,
2017,7835117,6133,10,,,
2017,7716393,6133,11,,,
2017,7716391,6133,12,,,
2017,7472752,6445,1,,,
2017,7599612,6445,2,,,
2017,7576434,6445,4,,,
2017,7633817,6445,5,,,
2017,7633816,6445,7,,,
2017,7979883,6445,12,,,
2017,7497338,6430,2,,,
2017,7471615,6141,1,,,
2017,7496564,6141,2,,,
2017,7524208,6141,3,,,
2017,7576151,6141,4,,,
2017,7597389,6141,7,,,
2017,7599360,6347,1,,,
2017,7576374,6347,2,,,
2017,7525315,6347,3,,,
2017,7576375,6347,4,,,
2017,7608612,6347,5,,,
2017,7716793,6347,6,,,
2017,7599359,6347,7,,,
2017,7716795,6347,8,,,
2017,8362451,6347,9,,,
2017,7716794,6347,10,,,
2017,7836337,6347,11,,,
2017,7716792,6347,12,,,
2017,7471679,6258,1,,,
2017,7496620,6258,2,,,
2017,7524298,6258,3,,,
2017,7576217,6258,4,,,
2017,7689853,6258,5,,,
2017,7689852,6258,6,,,
2017,7599043,6258,7,,,
2017,7876974,6258,8,,,
2017,7925811,6258,9,,,
2017,7925813,6258,10,,,
2017,7925810,6258,11,,,
2017,7876843,6112,1,,,
2017,7876852,6112,2,,,
2017,7576475,6112,3,,,
2017,7601367,6112,6,,,
2017,7496217,6079,1,,,
2017,7876846,6079,2,,,
2017,7597264,6079,3,,,
2017,7597265,6079,4,,,
2017,7597267,6079,5,,,
2017,7716285,6079,6,,,
2017,7597263,6079,7,,,
2017,7876860,6079,8,,,
2017,7716283,6079,9,,,
2017,7716288,6079,10,,,
2017,7716290,6079,11,,,
2017,7716282,6079,12,,,
2017,7525603,6475,1,,,
2017,7608984,6475,6,,,
2017,7608983,6475,8,,,
2017,7634423,6475,9,,,
2017,7718227,6475,10,,,
2017,7718225,6475,12,,,
2017,7497395,6129,1,,,
2017,7576476,6129,3,,,
2017,7601369,6129,4,,,
2017,7601372,6129,5,,,
2017,7601373,6129,6,,,
2017,7601368,6129,7,,,
2017,7608962,6129,8,,,
2017,7927174,6129,9,,,
2017,7717083,6129,12,,,
2017,7472715,6387,1,,,
2017,7497304,6387,2,,,
2017,7525339,6387,3,,,
2017,7576398,6387,4,,,
2017,7926985,6387,6,,,
2017,7599441,6387,7,,,
2017,7954988,6387,9,,,
2017,7954989,6387,10,,,
2017,7926987,6387,12,,,
2017,7601412,6235,1,,,
2017,7576489,6235,2,,,
2017,7601393,6227,4,,,
2017,7601389,6227,7,,,
2017,7876885,6168,1,,,
2017,7497354,6462,2,,,
2017,8362529,6462,3,,,
2017,8364353,6462,5,,,
2017,8364354,6462,12,,,
2017,7601301,6464,2,,,
2017,7525555,6464,3,,,
2017,7601300,6464,4,,,
2017,7601299,6464,5,,,
2017,7661483,6464,6,,,
2017,7601298,6464,7,,,
2017,7634377,6464,8,,,
2017,7690572,6464,9,,,
2017,7979917,6464,11,,,
2017,7717001,6464,12,,,
2017,7876909,6174,2,,,
2017,7876912,6174,3,,,
2017,7608970,6174,7,,,
2017,7608967,6174,8,,,
2017,7496582,6180,2,,,
2017,7524227,6180,3,,,
2017,7576174,6180,4,,,
2017,7598868,6180,5,,,
2017,7598869,6180,6,,,
2017,7597663,6180,7,,,
2017,7608474,6180,8,,,
2017,7633136,6180,9,,,
2017,7689824,6180,10,,,
2017,7716513,6180,11,,,
2017,7716509,6180,12,,,
2017,7471682,6266,1,,,
2017,7497232,6266,2,,,
2017,7525265,6266,3,,,
2017,7576220,6266,4,,,
2017,7599096,6266,5,,,
2017,7599098,6266,6,,,
2017,7599094,6266,7,,,
2017,7608490,6266,8,,,
2017,7660804,6266,9,,,
2017,7660805,6266,10,,,
2017,8362404,6266,11,,,
2017,8368819,6266,12,,,
2017,7472019,6280,1,,,
2017,7525275,6280,2,,,
2017,7576264,6280,3,,,
2017,7576265,6280,4,,,
2017,7599127,6280,5,,,
2017,7599128,6280,6,,,
2017,7599125,6280,7,,,
2017,7978296,6280,9,,,
2017,7978295,6279,8,,,
2017,7978293,6279,9,,,
2017,7925840,6279,10,,,
2017,7925842,6279,11,,,
2017,7716624,6279,12,,,
2017,7471124,6070,1,,,
2017,7496107,6070,2,,,
2017,7524165,6070,3,,,
2017,7576081,6070,4,,,
2017,7633041,6070,5,,,
2017,7633043,6070,6,,,
2017,7597240,6070,7,,,
2017,7633040,6070,8,,,
2017,7633044,6070,9,,,
2017,7660699,6070,10,,,
2017,7689600,6070,11,,,
2017,7716276,6070,12,,,
2017,7472687,6332,1,,,
2017,7497278,6332,2,,,
2017,7525300,6332,3,,,
2017,7576346,6332,4,,,
2017,7599299,6332,5,,,
2017,7599300,6332,6,,,
2017,7599298,6332,7,,,
2017,7608586,6332,8,,,
2017,7637018,6332,9,,,
2017,7716709,6332,10,,,
2017,7716712,6332,11,,,
2017,7716708,6332,12,,,
2017,7472690,6337,1,,,
2017,7877003,6337,2,,,
2017,7599322,6337,5,,,
2017,7599320,6337,7,,,
2017,7877007,6337,12,,,
2017,7716498,6184,10,,,
2017,8368785,6184,11,,,
2017,7716500,6184,12,,,
2017,7471642,6185,1,,,
2017,7524231,6185,2,,,
2017,7524230,6185,3,,,
2017,7598873,6185,4,,,
2017,7472773,6478,1,,,
2017,7497365,6478,2,,,
2017,7525561,6478,3,,,
2017,7576448,6478,4,,,
2017,7601324,6478,5,,,
2017,7601326,6478,6,,,
2017,7601319,6478,7,,,
2017,7608938,6478,8,,,
2017,7836512,6478,9,,,
2017,7717029,6478,10,,,
2017,7717031,6478,11,,,
2017,7717030,6478,12,,,
2017,7471640,6183,1,,,
2017,7496584,6183,2,,,
2017,7524228,6183,3,,,
2017,7576175,6183,4,,,
2017,7598861,6183,5,,,
2017,7598865,6183,6,,,
2017,7597909,6183,7,,,
2017,7608453,6183,8,,,
2017,7633109,6183,9,,,
2017,7660762,6183,10,,,
2017,7689809,6183,11,,,
2017,7716482,6183,12,,,
2017,7660823,6292,1,,,
2017,7660826,6292,2,,,
2017,7660828,6292,3,,,
2017,7660825,6292,4,,,
2017,7660824,6292,5,,,
2017,7660829,6292,6,,,
2017,7599149,6292,7,,,
2017,7660830,6292,8,,,
2017,7660831,6292,9,,,
2017,7835654,6292,10,,,
2017,7978309,6292,11,,,
2017,7978311,6292,12,,,
2017,7877053,6420,1,,,
2017,7877054,6420,2,,,
2017,7877056,6420,3,,,
2017,7877057,6420,4,,,
2017,7877059,6420,5,,,
2017,7877061,6420,6,,,
2017,7877063,6420,7,,,
2017,7877065,6420,8,,,
2017,7877068,6420,9,,,
2017,7877071,6420,10,,,
2017,7877073,6420,11,,,
2017,7877076,6420,12,,,
2017,7472708,6368,1,,,
2017,7599398,6368,2,,,
2017,7599392,6368,3,,,
2017,7576383,6368,4,,,
2017,7599400,6368,5,,,
2017,7599404,6368,6,,,
2017,7599384,6368,7,,,
2017,7633729,6368,8,,,
2017,7633730,6368,9,,,
2017,7716828,6368,10,,,
2017,7716829,6368,11,,,
2017,7716826,6368,12,,,
2017,7877026,6366,11,,,
2017,7877029,6366,12,,,
2017,7877028,6367,1,,,
2017,7877031,6367,4,,,
2017,7877032,6367,5,,,
2017,7877034,6367,6,,,
2017,7877035,6367,10,,,
2017,7877037,6367,11,,,
2017,7877039,6367,12,,,
2017,7525592,6214,1,,,
2017,7525590,6214,2,,,
2017,7576486,6214,3,,,
2017,7601391,6214,4,,,
2017,7601397,6214,5,,,
2017,7608976,6214,6,,,
2017,7601382,6214,7,,,
2017,7608974,6214,8,,,
2017,7661512,6214,9,,,
2017,7718161,6214,10,,,
2017,7836566,6214,11,,,
2017,7718163,6214,12,,,
2017,7597296,6092,7,,,
2017,7608182,6092,8,,,
2017,7924689,6092,9,,,
2017,7924690,6092,10,,,
2017,7835051,6092,11,,,
2017,7835050,6092,12,,,
2017,7471141,6093,1,,,
2017,7496332,6093,2,,,
2017,7524184,6093,3,,,
2017,7576115,6093,4,,,
2017,7924684,6093,5,,,
2017,7660712,6093,6,,,
2017,7597298,6093,7,,,
2017,7660716,6093,8,,,
2017,7660713,6093,9,,,
2017,7716333,6093,10,,,
2017,7716332,6093,12,,,
2017,7472688,6333,1,,,
2017,7497279,6333,2,,,
2017,7525301,6333,3,,,
2017,7576365,6333,4,,,
2017,7599317,6333,5,,,
2017,7599319,6333,6,,,
2017,7599312,6333,7,,,
2017,7633708,6333,8,,,
2017,7978386,6333,9,,,
2017,7716717,6333,10,,,
2017,7716718,6333,11,,,
2017,7716715,6333,12,,,
2017,7472767,6467,1,,,
2017,7497359,6467,2,,,
2017,7525556,6467,3,,,
2017,7576445,6467,4,,,
2017,7601309,6467,5,,,
2017,7601307,6467,6,,,
2017,7601302,6467,7,,,
2017,7608928,6467,8,,,
2017,7634382,6467,9,,,
2017,7717019,6467,10,,,
2017,7836498,6467,11,,,
2017,7717014,6467,12,,,
2017,7497399,6199,2,,,
2017,7525584,6199,3,,,
2017,7576483,6199,4,,,
2017,7601376,6199,7,,,
2017,7718165,6217,11,,,
2017,7718166,6217,12,,,
2017,7876951,6218,1,,,
2017,7876954,6218,2,,,
2017,7876956,6218,3,,,
2017,7876958,6218,4,,,
2017,7876962,6218,5,,,
2017,7471627,6165,1,,,
2017,7496572,6165,2,,,
2017,7524218,6165,3,,,
2017,7576160,6165,4,,,
2017,7597483,6165,5,,,
2017,7597484,6165,6,,,
2017,7597476,6165,7,,,
2017,7633106,6165,8,,,
2017,7660747,6165,9,,,
2017,7689800,6165,10,,,
2017,7716450,6165,11,,,
2017,7716440,6165,12,,,
2017,7597272,6083,7,,,
2017,7660704,6083,8,,,
2017,7660706,6083,9,,,
2017,7716302,6083,10,,,
2017,7835046,6083,11,,,
2017,7716300,6083,12,,,
2017,7471134,6084,1,,,
2017,7496221,6084,2,,,
2017,7524177,6084,3,,,
2017,7576106,6084,4,,,
2017,7597286,6084,5,,,
2017,7597288,6084,6,,,
2017,7597276,6084,7,,,
2017,7608098,6084,8,,,
2017,7633063,6084,9,,,
2017,7660710,6084,10,,,
2017,7689602,6084,11,,,
2017,7716299,6084,12,,,
2017,7497280,6334,1,,,
2017,7525303,6334,2,,,
2017,7576366,6334,3,,,
2017,7599318,6334,4,,,
2017,7633710,6334,5,,,
2017,7633711,6334,6,,,
2017,7599313,6334,7,,,
2017,7608587,6334,8,,,
2017,7689880,6334,9,,,
2017,7716714,6334,10,,,
2017,7716716,6334,11,,,
2017,7716713,6334,12,,,
2017,7836352,6375,10,,,
2017,7836353,6375,11,,,
2017,7836354,6375,12,,,
2017,7497299,6376,1,,,
2017,7576396,6376,2,,,
2017,7576392,6376,3,,,
2017,7576391,6376,4,,,
2017,7716840,6376,5,,,
2017,7633736,6376,6,,,
2017,7599418,6376,7,,,
2017,7926973,6376,8,,,
2017,7926970,6376,9,,,
2017,7926971,6376,10,,,
2017,7836343,6376,11,,,
2017,7716837,6376,12,,,
2017,7472691,6338,1,,,
2017,7525309,6338,2,,,
2017,7576368,6338,3,,,
2017,7599331,6338,4,,,
2017,7599335,6338,5,,,
2017,7599340,6338,6,,,
2017,7599328,6338,7,,,
2017,7608591,6338,8,,,
2017,7660862,6338,9,,,
2017,7716771,6338,10,,,
2017,7716772,6338,11,,,
2017,7716770,6338,12,,,
2017,7472769,6470,1,,,
2017,7497362,6470,2,,,
2017,7525558,6470,3,,,
2017,7576446,6470,4,,,
2017,7601310,6470,5,,,
2017,7601308,6470,7,,,
2017,7608936,6470,8,,,
2017,7634383,6470,9,,,
2017,7601304,6469,7,,,
2017,7634380,6469,8,,,
2017,7955104,6469,9,,,
2017,7955103,6469,10,,,
2017,7927135,6469,11,,,
2017,7927136,6469,12,,,
2017,7471681,6261,1,,,
2017,7496624,6261,2,,,
2017,7524299,6261,3,,,
2017,7576218,6261,4,,,
2017,7599052,6261,5,,,
2017,7599053,6261,6,,,
2017,7599048,6261,7,,,
2017,7608484,6261,8,,,
2017,7716580,6261,9,,,
2017,7716581,6261,10,,,
2017,7925812,6261,11,,,
2017,7716578,6261,12,,,
2017,7471650,6206,1,,,
2017,7496593,6206,2,,,
2017,7524243,6206,3,,,
2017,7576188,6206,4,,,
2017,7598934,6206,5,,,
2017,7598935,6206,6,,,
2017,7598932,6206,7,,,
2017,7608461,6206,8,,,
2017,7716504,6206,9,,,
2017,7716505,6206,10,,,
2017,7716506,6206,11,,,
2017,7716502,6206,12,,,
2017,7471652,6208,1,,,
2017,7496595,6208,2,,,
2017,7524254,6208,3,,,
2017,7576193,6208,4,,,
2017,7608467,6208,5,,,
2017,7608466,6208,6,,,
2017,7598938,6208,7,,,
2017,7608465,6208,8,,,
2017,7660787,6208,9,,,
2017,7716519,6208,10,,,
2017,7716525,6208,11,,,
2017,7716521,6208,12,,,
2017,7472744,6425,1,,,
2017,7497335,6425,2,,,
2017,7525542,6425,3,,,
2017,7576429,6425,4,,,
2017,7599595,6425,5,,,
2017,7608877,6425,6,,,
2017,7599590,6425,7,,,
2017,7608878,6425,8,,,
2017,7716956,6425,9,,,
2017,7716955,6425,10,,,
2017,7716958,6425,11,,,
2017,7716951,6425,12,,,
2017,7601449,6424,5,,,
2017,7601448,6424,7,,,
2017,7472785,6421,1,,,
2017,7525575,6421,2,,,
2017,7576466,6421,3,,,
2017,7601354,6421,4,,,
2017,8362558,6421,6,,,
2017,7601350,6421,7,,,
2017,7927161,6421,8,,,
2017,7927159,6421,9,,,
2017,7717066,6421,10,,,
2017,7836555,6421,11,,,
2017,7717063,6421,12,,,
2017,7472702,6354,1,,,
2017,7525317,6354,2,,,
2017,7525318,6354,3,,,
2017,7599371,6354,4,,,
2017,7599372,6354,5,,,
2017,7599376,6354,6,,,
2017,7599368,6354,7,,,
2017,7660870,6354,8,,,
2017,7660871,6354,9,,,
2017,7660874,6354,10,,,
2017,7689884,6354,11,,,
2017,7716805,6354,12,,,
2017,7576447,6471,4,,,
2017,7601315,6471,5,,,
2017,7601316,6471,6,,,
2017,7601314,6471,7,,,
2017,7608940,6471,8,,,
2017,7927137,6471,9,,,
2017,7927140,6471,10,,,
2017,7927138,6471,11,,,
2017,7927139,6471,12,,,
2017,7877125,6472,1,,,
2017,7576499,6472,2,,,
2017,7877126,6472,4,,,
2017,7634420,6472,5,,,
2017,7718223,6472,6,,,
2017,7877127,6472,7,,,
2017,7877128,6472,8,,,
2017,7996093,6472,9,,,
2017,7996092,6472,10,,,
2017,7877129,6472,11,,,
2017,7718221,6472,12,,,
2017,7576118,6096,1,,,
2017,7576120,6096,2,,,
2017,7633082,6096,3,,,
2017,7597301,6096,4,,,
2017,7924691,6096,5,,,
2017,7597300,6096,7,,,
2017,8364065,6096,8,,,
2017,7660711,6096,9,,,
2017,8364064,6096,10,,,
2017,8368732,6096,11,,,
2017,7924692,6096,12,,,
2017,7497260,6300,1,,,
2017,7497261,6300,2,,,
2017,7576285,6300,3,,,
2017,7599199,6300,4,,,
2017,7599200,6300,5,,,
2017,7599201,6300,6,,,
2017,7599196,6300,7,,,
2017,7716639,6300,8,,,
2017,7836296,6300,9,,,
2017,7716641,6300,10,,,
2017,7716643,6300,11,,,
2017,7716638,6300,12,,,
2017,7525320,6356,2,,,
2017,7995751,6356,3,,,
2017,7599373,6356,4,,,
2017,7599374,6356,5,,,
2017,7599375,6356,7,,,
2017,7995753,6356,8,,,
2017,7995750,6356,9,,,
2017,7599092,6265,6,,,
2017,7599089,6265,7,,,
2017,7608488,6265,8,,,
2017,7660803,6265,9,,,
2017,7716585,6265,10,,,
2017,7716587,6265,11,,,
2017,7716584,6265,12,,,
2017,7472775,6482,1,,,
2017,7497367,6482,2,,,
2017,7525563,6482,3,,,
2017,7576453,6482,4,,,
2017,7979965,6482,5,,,
2017,7717042,6482,6,,,
2017,7601325,6482,7,,,
2017,7979973,6482,8,,,
2017,7979979,6482,9,,,
2017,7979975,6482,10,,,
2017,7979978,6482,11,,,
2017,7717041,6482,12,,,
2017,7717036,6481,12,,,
2017,7576107,6085,3,,,
2017,7597281,6085,4,,,
2017,7597282,6085,5,,,
2017,7597283,6085,6,,,
2017,7597280,6085,7,,,
2017,7608097,6085,8,,,
2017,7689604,6085,9,,,
2017,7716306,6085,10,,,
2017,7835047,6085,11,,,
2017,7716305,6085,12,,,
2017,7472734,6417,1,,,
2017,7497332,6417,2,,,
2017,7525364,6417,3,,,
2017,7576426,6417,4,,,
2017,7599598,6417,5,,,
2017,7599599,6417,6,,,
2017,7599586,6417,7,,,
2017,7608870,6417,8,,,
2017,7661441,6417,9,,,
2017,7661442,6417,10,,,
2017,7690549,6417,11,,,
2017,7716950,6417,12,,,
2017,7927085,6416,12,,,
2017,7471634,6171,1,,,
2017,7496578,6171,2,,,
2017,7524221,6171,3,,,
2017,7576169,6171,4,,,
2017,7597494,6171,5,,,
2017,7716457,6170,11,,,
2017,7716453,6170,12,,,
2017,7716844,6384,10,,,
2017,7836345,6384,11,,,
2017,7716843,6384,12,,,
2017,7472774,6480,1,,,
2017,7576450,6480,2,,,
2017,7576452,6480,3,,,
2017,7576449,6480,4,,,
2017,7601321,6480,5,,,
2017,7601323,6480,6,,,
2017,7601320,6480,7,,,
2017,7634388,6480,8,,,
2017,7634389,6480,9,,,
2017,7836513,6480,10,,,
2017,7836515,6480,11,,,
2017,7836518,6480,12,,,
2017,7599510,6395,6,,,
2017,7599499,6395,7,,,
2017,7608633,6395,8,,,
2017,7637122,6395,9,,,
2017,7716857,6395,10,,,
2017,7716856,6395,11,,,
2017,7716852,6395,12,,,
2017,7925754,6201,12,,,
2017,7876987,6283,8,,,
2017,7876989,6283,9,,,
2017,7876990,6283,10,,,
2017,7876991,6283,11,,,
2017,7876992,6283,12,,,
2017,7876917,6181,1,,,
2017,7876921,6181,2,,,
2017,7876925,6181,3,,,
2017,7876928,6181,4,,,
2017,7876931,6181,5,,,
2017,7876934,6181,6,,,
2017,7876937,6181,7,,,
2017,7876939,6181,8,,,
2017,7876942,6181,9,,,
2017,7876945,6181,10,,,
2017,7876946,6181,11,,,
2017,7876948,6181,12,,,
2017,7876873,6063,6,,,
2017,7876878,6063,7,,,
2017,7876882,6063,8,,,
2017,7876887,6063,9,,,
2017,7876891,6063,10,,,
2017,7876898,6063,11,,,
2017,7876901,6063,12,,,
2017,7926976,6378,2,,,
2017,7926978,6378,3,,,
2017,7930756,6378,4,,,
2017,7926977,6378,5,,,
2017,7926974,6378,6,,,
2017,7954985,6378,7,,,
2017,7926975,6378,11,,,
2017,7955177,6453,3,,,
2017,7634416,6453,4,,,
2017,7634421,6453,5,,,
2017,7601445,6453,6,,,
2017,7601442,6453,7,,,
2017,7718222,6453,8,,,
2017,7996091,6453,9,,,
2017,7718224,6453,10,,,
2017,7718220,6453,12,,,
2017,7472747,6433,1,,,
2017,7497340,6433,2,,,
2017,7525545,6433,3,,,
2017,7576432,6433,4,,,
2017,7599606,6433,5,,,
2017,7661461,6433,6,,,
2017,7599605,6433,7,,,
2017,7633812,6433,8,,,
2017,7597453,6153,7,,,
2017,7876880,6153,9,,,
2017,7597462,6154,1,,,
2017,7597461,6154,2,,,
2017,7597460,6154,3,,,
2017,7597458,6154,4,,,
2017,7608238,6154,5,,,
2017,7597456,6154,7,,,
2017,7925676,6154,8,,,
2017,7925679,6154,9,,,
2017,7925680,6154,10,,,
2017,7835135,6154,11,,,
2017,7925669,6154,12,,,
2017,7876994,6306,1,,,
2017,7876996,6306,2,,,
2017,7876998,6306,3,,,
2017,7877000,6306,4,,,
2017,7877001,6306,5,,,
2017,7877004,6306,6,,,
2017,7877008,6306,7,,,
2017,7877009,6306,8,,,
2017,7877013,6306,9,,,
2017,7877014,6306,10,,,
2017,7877016,6306,11,,,
2017,7877018,6306,12,,,
2017,7576497,6365,3,,,
2017,7718203,6365,5,,,
2017,7718200,6365,6,,,
2017,7718197,6365,8,,,
2017,7718204,6365,9,,,
2017,7718208,6365,10,,,
2017,7980039,6365,11,,,
2017,7718212,6365,12,,,
2017,7525358,6411,3,,,
2017,7576423,6411,4,,,
2017,7661431,6411,5,,,
2017,7599552,6411,7,,,
2017,7877046,6411,8,,,
2017,7877048,6411,12,,,
2017,7877044,6401,5,,,
2017,7877045,6401,7,,,
2017,7877047,6401,8,,,
2017,7877049,6401,9,,,
2017,7877050,6401,10,,,
2017,7877051,6401,12,,,
2017,7601317,6476,7,,,
2017,7955115,6476,8,,,
2017,7690574,6476,10,,,
2017,7836503,6476,11,,,
2017,7608600,6345,1,,,
2017,7608603,6345,3,,,
2017,7608602,6345,4,,,
2017,7608606,6345,5,,,
2017,7599347,6345,7,,,
2017,7608598,6345,8,,,
2017,7926372,6345,11,,,
2017,7926371,6345,12,,,
2017,7472696,6346,1,,,
2017,7497285,6346,2,,,
2017,7525314,6346,3,,,
2017,7576373,6346,4,,,
2017,7716786,6346,5,,,
2017,7716790,6346,6,,,
2017,7599351,6346,7,,,
2017,7954239,6346,8,,,
2017,7926430,6346,9,,,
2017,7836333,6346,10,,,
2017,7836334,6346,11,,,
2017,7716784,6346,12,,,
2017,7924718,6120,12,,,
2017,7597358,6121,4,,,
2017,7597357,6121,7,,,
2017,7716382,6121,11,,,
2017,7716381,6121,12,,,
2017,7925772,6210,4,,,
2017,7925769,6210,5,,,
2017,7930747,6210,6,,,
2017,7925774,6210,7,,,
2017,7925775,6210,8,,,
2017,7925778,6210,9,,,
2017,7877119,6465,1,,,
2017,7877122,6465,4,,,
2017,7877124,6465,5,,,
2017,7634379,6465,6,,,
2017,7661486,6465,7,,,
2017,7955092,6465,8,,,
2017,7661488,6465,9,,,
2017,7877131,6465,10,,,
2017,7955093,6465,11,,,
2017,7717003,6465,12,,,
2017,7472783,6236,1,,,
2017,7497379,6236,2,,,
2017,7525573,6236,3,,,
2017,7576461,6236,4,,,
2017,7601349,6236,5,,,
2017,7690580,6236,6,,,
2017,7601348,6236,7,,,
2017,7927158,6236,8,,,
2017,7927157,6236,9,,,
2017,7979989,6236,10,,,
2017,7717065,6236,11,,,
2017,7717064,6236,12,,,
2017,7601409,6235,4,,,
2017,7601411,6235,5,,,
2017,7927182,6235,6,,,
2017,7601408,6235,7,,,
2017,7718193,6235,8,,,
2017,7876960,6235,9,,,
2017,7876964,6235,10,,,
2017,7876967,6235,11,,,
2017,7718192,6235,12,,,
2017,7634426,6285,1,,,
2017,7927225,6285,3,,,
2017,7634428,6285,4,,,
2017,7634432,6285,5,,,
2017,7634437,6285,6,,,
2017,7636928,6285,7,,,
2017,7634435,6285,8,,,
2017,7927224,6285,9,,,
2017,7927232,6285,10,,,
2017,7927228,6285,11,,,
2017,7927226,6285,12,,,
2017,7599101,6269,7,,,
2017,7994816,6269,12,,,
2017,7955138,6270,1,,,
2017,7955139,6270,2,,,
2017,7955136,6270,3,,,
2017,7955135,6270,4,,,
2017,7955140,6270,5,,,
2017,7955133,6270,6,,,
2017,7955141,6270,7,,,
2017,7955147,6270,8,,,
2017,7955143,6270,9,,,
2017,7955146,6270,10,,,
2017,7955145,6270,11,,,
2017,7955132,6270,12,,,
2017,7876908,6173,1,,,
2017,7876911,6173,2,,,
2017,7876914,6173,3,,,
2017,7876916,6173,4,,,
2017,7876920,6173,5,,,
2017,7876923,6173,6,,,
2017,7876927,6173,7,,,
2017,7876929,6173,8,,,
2017,7876933,6173,9,,,
2017,7876936,6173,10,,,
2017,7876941,6173,11,,,
2017,7876944,6173,12,,,
2017,7525604,6452,1,,,
2017,7497411,6452,2,,,
2017,7955175,6452,3,,,
2017,7955178,6452,4,,,
2017,7955173,6452,5,,,
2017,7634414,6452,6,,,
2017,7661521,6452,7,,,
2017,7634412,6452,8,,,
2017,7955170,6452,10,,,
2017,7927223,6452,11,,,
2017,7927221,6452,12,,,
2017,7925665,6151,12,,,
2017,7876875,6152,1,,,
2017,7876879,6152,2,,,
2017,7876884,6152,3,,,
2017,7876888,6152,4,,,
2017,7876893,6152,5,,,
2017,7876895,6152,6,,,
2017,7876903,6152,7,,,
2017,7876904,6152,8,,,
2017,7876905,6152,9,,,
2017,7876906,6152,10,,,
2017,7876907,6152,11,,,
2017,7925668,6152,12,,,
2017,7927194,6291,7,,,
2017,7927191,6291,8,,,
2017,7927190,6291,9,,,
2017,7597363,6123,4,,,
2017,7608213,6123,5,,,
2017,7597359,6123,7,,,
2017,7608212,6123,8,,,
2017,7835667,6298,11,,,
2017,7716633,6298,12,,,
2017,7576283,6299,1,,,
2017,7599195,6299,2,,,
2017,7599193,6299,3,,,
2017,7599194,6299,4,,,
2017,7599191,6299,5,,,
2017,7599192,6299,6,,,
2017,7954169,6299,7,,,
2017,7925861,6299,9,,,
2017,7716637,6299,10,,,
2017,7925862,6299,11,,,
2017,7716635,6299,12,,,
2017,7576479,6182,1,,,
2017,7876919,6182,2,,,
2017,7876924,6182,4,,,
2017,7608968,6182,5,,,
2017,7876926,6182,6,,,
2017,7876930,6182,7,,,
2017,7608965,6182,8,,,
2017,7927176,6182,10,,,
2017,7876938,6182,11,,,
2017,7608958,6112,7,,,
2017,7876858,6112,8,,,
2017,7876866,6112,9,,,
2017,7717078,6112,10,,,
2017,7876871,6112,11,,,
2017,7717076,6112,12,,,
2017,7716443,6168,2,,,
2017,7876894,6168,3,,,
2017,7876899,6168,4,,,
2017,7716446,6168,5,,,
2017,7716444,6168,6,,,
2017,7716445,6168,7,,,
2017,7716447,6168,8,,,
2017,7716449,6168,10,,,
2017,7925715,6168,11,,,
2017,7716441,6168,12,,,
2017,7633813,6433,9,,,
2017,7661466,6433,10,,,
2017,7716967,6433,11,,,
2017,7716969,6433,12,,,
2017,7598875,6185,5,,,
2017,7689808,6185,6,,,
2017,7598872,6185,7,,,
2017,7716477,6185,8,,,
2017,7660757,6185,9,,,
2017,7689810,6185,10,,,
2017,7716478,6185,11,,,
2017,7716474,6185,12,,,
2017,7608449,6171,6,,,
2017,7597491,6171,7,,,
2017,7608447,6171,8,,,
2017,7716461,6171,9,,,
2017,7689801,6171,10,,,
2017,7835161,6171,11,,,
2017,7716459,6171,12,,,
